,Node 1,Node 2,Num Contacts
0,2,4,1
1,2,6,8
2,3,9,1
3,6,10,1
4,9,10,1
5,9,16,1
6,10,16,1
7,1,20,3
8,14,23,5
9,1,28,2
10,27,29,1
11,10,30,1
12,26,31,1
13,28,33,1
14,20,36,2
15,33,36,1
16,3,37,6
17,9,37,1
18,38,39,15
19,1,40,1
20,7,43,60
21,44,45,18
22,45,46,4
23,1,48,1
24,36,48,4
25,45,49,2
26,46,49,2
27,14,50,6
28,23,50,6
29,46,50,3
30,47,50,7
31,36,51,6
32,48,51,7
33,50,52,4
34,45,53,1
35,49,53,1
36,50,53,2
37,45,54,5
38,46,54,6
39,49,54,12
40,50,54,1
41,53,54,2
42,9,55,4
43,34,56,37
44,55,57,94
45,1,58,1
46,36,59,6
47,48,59,7
48,51,59,5
49,36,60,2
50,48,60,2
51,51,60,2
52,59,60,2
53,36,61,6
54,48,61,6
55,51,61,6
56,59,61,6
57,60,61,2
58,18,67,1
59,20,72,1
60,36,72,1
61,48,72,3
62,51,72,2
63,59,72,1
64,61,72,1
65,20,73,1
66,36,73,1
67,37,73,1
68,48,73,3
69,51,73,4
70,59,73,6
71,61,73,4
72,72,73,2
73,20,74,1
74,48,74,1
75,51,74,2
76,59,74,3
77,61,74,2
78,72,74,3
79,73,74,6
80,1,75,3
81,20,75,2
82,48,75,1
83,51,75,2
84,59,75,5
85,61,75,4
86,72,75,2
87,73,75,6
88,74,75,6
89,48,76,2
90,51,76,2
91,59,76,5
92,61,76,3
93,72,76,4
94,73,76,6
95,74,76,6
96,75,76,6
97,1,77,1
98,20,77,1
99,36,77,1
100,48,77,7
101,51,77,1
102,59,77,2
103,61,77,1
104,72,77,6
105,73,77,3
106,74,77,3
107,75,77,2
108,76,77,3
109,36,78,1
110,48,78,2
111,51,78,2
112,59,78,5
113,61,78,3
114,72,78,2
115,73,78,6
116,74,78,4
117,75,78,6
118,76,78,6
119,77,78,3
120,20,79,1
121,36,79,1
122,48,79,2
123,51,79,1
124,59,79,1
125,61,79,1
126,72,79,4
127,73,79,2
128,74,79,3
129,75,79,2
130,76,79,3
131,77,79,3
132,78,79,2
133,83,86,1
134,7,89,2
135,43,89,3
136,36,91,1
137,60,91,1
138,61,91,1
139,85,92,4
140,10,93,1
141,1,97,1
142,20,97,2
143,33,97,1
144,36,97,6
145,48,97,3
146,51,97,3
147,59,97,6
148,60,97,3
149,61,97,2
150,73,97,3
151,74,97,2
152,75,97,24
153,76,97,2
154,77,97,1
155,78,97,2
156,91,97,1
157,18,98,3
158,67,98,3
159,1,100,1
160,48,100,1
161,77,100,1
162,79,100,1
163,40,102,2
164,85,102,6
165,92,102,4
166,7,106,1
167,6,107,2
168,20,107,4
169,11,109,1
170,21,109,5
171,40,111,2
172,85,111,5
173,92,111,1
174,102,111,7
175,40,112,2
176,92,112,1
177,102,112,7
178,111,112,5
179,3,113,1
180,15,113,1
181,20,115,1
182,40,116,2
183,85,116,1
184,92,116,1
185,102,116,60
186,111,116,11
187,112,116,6
188,102,117,1
189,7,118,28
190,43,118,65
191,10,119,1
192,29,119,1
193,40,120,2
194,85,120,1
195,92,120,1
196,102,120,5
197,111,120,6
198,112,120,5
199,116,120,8
200,40,121,2
201,85,121,2
202,102,121,21
203,111,121,11
204,112,121,6
205,116,121,21
206,120,121,5
207,116,122,1
208,40,123,2
209,85,123,1
210,102,123,9
211,111,123,6
212,112,123,5
213,116,123,11
214,120,123,5
215,121,123,14
216,40,127,1
217,102,127,1
218,111,127,1
219,112,127,1
220,116,127,1
221,120,127,1
222,121,127,1
223,123,127,2
224,40,128,2
225,102,128,6
226,111,128,10
227,112,128,5
228,116,128,5
229,120,128,5
230,121,128,5
231,123,128,5
232,127,128,1
233,126,129,4
234,102,130,6
235,112,130,5
236,116,130,1
237,121,130,1
238,11,132,43
239,85,133,73
240,112,134,4
241,123,134,1
242,127,134,47
243,128,134,1
244,40,135,2
245,102,135,29
246,111,135,11
247,112,135,5
248,116,135,29
249,120,135,5
250,121,135,41
251,123,135,9
252,127,135,1
253,128,135,5
254,40,136,3
255,85,136,5
256,92,136,4
257,102,136,69
258,111,136,9
259,112,136,6
260,116,136,30
261,120,136,5
262,121,136,21
263,123,136,10
264,127,136,1
265,128,136,5
266,130,136,1
267,134,136,1
268,135,136,29
269,40,138,2
270,85,138,1
271,102,138,60
272,111,138,6
273,112,138,5
274,116,138,28
275,117,138,2
276,120,138,5
277,121,138,41
278,123,138,11
279,127,138,1
280,128,138,5
281,134,138,2
282,135,138,29
283,136,138,30
284,40,139,2
285,85,139,1
286,102,139,30
287,111,139,6
288,112,139,12
289,116,139,34
290,120,139,5
291,121,139,41
292,123,139,9
293,127,139,1
294,128,139,5
295,130,139,1
296,135,139,29
297,136,139,29
298,138,139,30
299,40,140,2
300,85,140,1
301,102,140,31
302,111,140,6
303,112,140,7
304,116,140,37
305,120,140,6
306,121,140,21
307,123,140,9
308,127,140,1
309,128,140,5
310,130,140,2
311,135,140,29
312,136,140,30
313,138,140,33
314,139,140,41
315,100,141,2
316,60,143,11
317,40,146,2
318,102,146,34
319,111,146,6
320,112,146,9
321,116,146,30
322,120,146,5
323,121,146,21
324,123,146,9
325,127,146,1
326,128,146,5
327,130,146,1
328,135,146,31
329,136,146,32
330,138,146,60
331,139,146,29
332,140,146,30
333,40,147,3
334,102,147,9
335,111,147,7
336,112,147,9
337,116,147,8
338,120,147,7
339,121,147,7
340,123,147,7
341,127,147,1
342,128,147,7
343,130,147,1
344,135,147,7
345,136,147,7
346,138,147,7
347,139,147,7
348,140,147,7
349,146,147,8
350,1,148,3
351,100,148,1
352,1,149,1
353,58,149,1
354,148,149,2
355,1,150,1
356,33,150,4
357,48,150,1
358,60,150,1
359,75,150,2
360,97,150,2
361,100,150,1
362,1,151,2
363,148,151,62
364,149,151,2
365,1,152,1
366,33,152,1
367,148,152,1
368,149,152,1
369,151,152,1
370,1,153,1
371,148,153,1
372,149,153,2
373,151,153,2
374,152,153,1
375,1,154,2
376,148,154,4
377,149,154,2
378,151,154,2
379,152,154,2
380,153,154,1
381,68,156,6
382,116,156,1
383,130,156,1
384,136,156,1
385,1,157,1
386,148,157,1
387,149,157,2
388,151,157,1
389,152,157,2
390,153,157,1
391,154,157,1
392,1,158,1
393,20,158,1
394,148,158,2
395,149,158,2
396,151,158,1
397,152,158,2
398,153,158,2
399,154,158,2
400,157,158,1
401,1,159,1
402,33,159,1
403,148,159,2
404,149,159,2
405,151,159,2
406,152,159,2
407,153,159,2
408,154,159,2
409,157,159,2
410,158,159,2
411,155,160,23
412,1,161,2
413,14,161,5
414,23,161,5
415,50,161,4
416,148,161,3
417,149,161,2
418,151,161,3
419,152,161,2
420,153,161,2
421,154,161,2
422,157,161,2
423,158,161,1
424,159,161,2
425,1,162,1
426,59,162,1
427,148,162,2
428,149,162,2
429,151,162,1
430,152,162,1
431,153,162,3
432,154,162,1
433,157,162,1
434,158,162,1
435,159,162,2
436,161,162,2
437,1,164,3
438,148,164,3
439,149,164,2
440,151,164,3
441,152,164,1
442,153,164,2
443,154,164,2
444,157,164,2
445,158,164,2
446,159,164,2
447,161,164,3
448,162,164,2
449,1,165,3
450,97,165,1
451,148,165,4
452,149,165,2
453,151,165,4
454,152,165,2
455,153,165,2
456,154,165,1
457,157,165,2
458,158,165,2
459,159,165,1
460,161,165,3
461,162,165,2
462,164,165,3
463,1,166,1
464,148,166,1
465,149,166,2
466,151,166,1
467,152,166,1
468,153,166,1
469,154,166,1
470,157,166,1
471,158,166,1
472,159,166,80
473,161,166,1
474,162,166,3
475,164,166,2
476,165,166,2
477,1,167,2
478,148,167,3
479,149,167,2
480,151,167,3
481,152,167,1
482,153,167,2
483,154,167,2
484,157,167,2
485,158,167,2
486,159,167,2
487,161,167,3
488,162,167,2
489,164,167,2
490,165,167,3
491,166,167,2
492,1,168,2
493,148,168,2
494,149,168,2
495,151,168,3
496,152,168,2
497,153,168,2
498,154,168,2
499,157,168,2
500,158,168,2
501,159,168,2
502,161,168,2
503,162,168,2
504,164,168,2
505,165,168,2
506,166,168,2
507,167,168,2
508,17,169,65
509,33,172,1
510,100,172,5
511,150,172,1
512,167,172,1
513,29,173,1
514,68,173,1
515,43,174,1
516,118,174,1
517,36,178,2
518,48,178,2
519,51,178,1
520,59,178,1
521,60,178,1
522,61,178,1
523,91,178,1
524,97,178,1
525,20,179,1
526,36,179,4
527,48,179,7
528,51,179,6
529,59,179,4
530,60,179,2
531,61,179,5
532,72,179,1
533,73,179,4
534,74,179,2
535,75,179,3
536,76,179,2
537,77,179,3
538,78,179,3
539,79,179,1
540,97,179,3
541,150,179,1
542,168,179,1
543,178,179,2
544,1,180,2
545,100,180,1
546,148,180,3
547,149,180,2
548,151,180,3
549,152,180,2
550,153,180,2
551,154,180,2
552,157,180,2
553,158,180,2
554,159,180,3
555,161,180,3
556,162,180,2
557,164,180,3
558,165,180,3
559,166,180,2
560,167,180,3
561,168,180,2
562,172,180,1
563,9,181,3
564,16,181,2
565,81,181,2
566,150,181,2
567,36,182,6
568,48,182,8
569,51,182,5
570,59,182,7
571,60,182,2
572,61,182,6
573,72,182,1
574,73,182,6
575,74,182,5
576,75,182,8
577,76,182,4
578,77,182,2
579,78,182,5
580,79,182,1
581,97,182,9
582,150,182,1
583,154,182,1
584,178,182,1
585,179,182,4
586,1,184,2
587,148,184,2
588,149,184,2
589,151,184,3
590,152,184,1
591,153,184,2
592,154,184,1
593,157,184,1
594,158,184,2
595,159,184,2
596,161,184,3
597,162,184,2
598,164,184,3
599,165,184,2
600,166,184,1
601,167,184,3
602,168,184,2
603,180,184,3
604,1,185,1
605,33,185,1
606,48,185,1
607,72,185,1
608,77,185,1
609,79,185,1
610,100,185,161
611,141,185,2
612,150,185,2
613,167,185,1
614,172,185,5
615,180,185,1
616,184,185,1
617,20,186,1
618,30,186,2
619,114,186,2
620,50,187,4
621,33,188,1
622,100,188,5
623,150,188,1
624,167,188,1
625,172,188,12
626,180,188,1
627,185,188,3
628,30,189,2
629,32,189,8
630,37,191,4
631,62,191,1
632,158,191,1
633,186,192,1
634,189,192,3
635,110,193,1
636,186,193,1
637,189,193,2
638,40,194,2
639,85,194,2
640,102,194,6
641,111,194,5
642,112,194,11
643,116,194,5
644,120,194,5
645,121,194,5
646,123,194,5
647,127,194,1
648,128,194,5
649,130,194,5
650,135,194,5
651,136,194,5
652,138,194,5
653,139,194,5
654,140,194,5
655,146,194,5
656,147,194,7
657,46,195,1
658,67,196,1
659,145,196,5
660,87,198,1
661,16,199,4
662,150,199,1
663,181,199,4
664,45,200,1
665,49,200,1
666,53,200,3
667,54,200,2
668,33,202,7
669,48,202,1
670,51,202,2
671,59,202,4
672,61,202,3
673,72,202,1
674,73,202,4
675,74,202,4
676,75,202,6
677,76,202,4
678,77,202,2
679,78,202,4
680,79,202,1
681,97,202,4
682,150,202,5
683,179,202,1
684,182,202,4
685,15,204,3
686,24,204,1
687,49,204,1
688,53,204,6
689,200,204,4
690,100,205,2
691,141,205,17
692,185,205,2
693,114,206,1
694,189,206,1
695,193,206,1
696,1,207,7
697,20,207,1
698,33,207,1
699,48,207,1
700,72,207,1
701,77,207,1
702,79,207,1
703,100,207,45
704,141,207,3
705,150,207,5
706,172,207,5
707,182,207,1
708,185,207,56
709,188,207,5
710,205,207,3
711,4,209,1
712,36,209,2
713,48,209,2
714,51,209,1
715,59,209,1
716,60,209,1
717,61,209,1
718,97,209,1
719,156,209,1
720,178,209,1
721,179,209,1
722,182,209,1
723,45,210,1
724,46,210,5
725,49,210,1
726,54,210,2
727,181,210,2
728,200,210,1
729,204,210,3
730,21,212,17
731,100,212,1
732,141,212,3
733,185,212,1
734,205,212,1
735,207,212,1
736,100,213,2
737,141,213,17
738,185,213,1
739,205,213,41
740,207,213,3
741,212,213,1
742,118,215,1
743,208,215,17
744,36,216,2
745,48,216,2
746,51,216,1
747,59,216,1
748,60,216,1
749,61,216,1
750,91,216,1
751,97,216,1
752,178,216,1
753,179,216,1
754,182,216,1
755,209,216,1
756,25,217,89
757,87,218,56
758,1,219,2
759,20,219,2
760,28,219,1
761,33,219,5
762,36,219,2
763,48,219,1
764,51,219,1
765,59,219,3
766,72,219,2
767,73,219,3
768,74,219,4
769,75,219,22
770,76,219,4
771,77,219,3
772,78,219,4
773,79,219,3
774,97,219,43
775,148,219,1
776,150,219,4
777,151,219,1
778,154,219,2
779,157,219,1
780,158,219,1
781,159,219,1
782,161,219,1
783,165,219,1
784,166,219,1
785,167,219,1
786,172,219,1
787,179,219,1
788,180,219,1
789,182,219,6
790,184,219,1
791,188,219,1
792,202,219,8
793,175,220,1
794,15,221,2
795,174,221,2
796,204,221,67
797,96,222,1
798,174,223,1
799,174,224,2
800,221,224,1
801,223,224,1
802,10,226,1
803,88,227,5
804,179,227,3
805,103,228,4
806,195,229,1
807,68,230,6
808,20,231,1
809,186,231,1
810,44,232,5
811,45,232,9
812,4,233,3
813,6,233,1
814,177,233,1
815,1,235,3
816,100,235,1
817,148,235,2
818,149,235,2
819,151,235,2
820,152,235,2
821,153,235,1
822,154,235,1
823,157,235,1
824,158,235,2
825,159,235,2
826,161,235,3
827,162,235,1
828,164,235,2
829,165,235,3
830,166,235,1
831,167,235,3
832,168,235,2
833,180,235,3
834,184,235,3
835,185,235,1
836,188,235,1
837,207,235,1
838,219,235,1
839,171,237,46
840,234,238,26
841,33,240,1
842,75,240,1
843,97,240,4
844,150,240,1
845,202,240,1
846,219,240,5
847,22,243,6
848,14,244,5
849,23,244,73
850,50,244,6
851,161,244,5
852,7,246,3
853,43,246,4
854,118,246,1
855,174,246,1
856,1,250,1
857,20,250,1
858,36,250,7
859,48,250,4
860,51,250,4
861,59,250,8
862,60,250,2
863,61,250,6
864,72,250,3
865,73,250,6
866,74,250,3
867,75,250,6
868,76,250,6
869,77,250,2
870,78,250,4
871,79,250,1
872,97,250,8
873,150,250,1
874,178,250,1
875,179,250,6
876,182,250,6
877,202,250,5
878,209,250,1
879,216,250,1
880,219,250,4
881,1,253,1
882,36,253,1
883,72,253,1
884,75,253,6
885,79,253,1
886,100,253,3
887,148,253,1
888,149,253,1
889,159,253,1
890,161,253,1
891,165,253,1
892,172,253,2
893,179,253,1
894,185,253,5
895,188,253,1
896,207,253,3
897,153,254,31
898,85,255,3
899,102,255,6
900,116,255,1
901,121,255,1
902,135,255,1
903,136,255,5
904,138,255,1
905,139,255,2
906,140,255,2
907,146,255,3
908,118,256,1
909,150,256,1
910,181,256,3
911,98,258,1
912,20,261,1
913,186,261,1
914,231,261,1
915,1,262,1
916,36,262,1
917,48,262,1
918,61,262,1
919,75,262,1
920,76,262,1
921,77,262,1
922,100,262,2
923,150,262,1
924,152,262,1
925,159,262,1
926,164,262,1
927,165,262,1
928,166,262,1
929,167,262,1
930,172,262,1
931,180,262,1
932,185,262,3
933,188,262,1
934,207,262,3
935,219,262,6
936,253,262,9
937,48,263,1
938,61,263,1
939,74,263,1
940,75,263,1
941,77,263,1
942,97,263,1
943,100,263,3
944,149,263,1
945,150,263,1
946,151,263,1
947,153,263,1
948,161,263,1
949,167,263,1
950,172,263,2
951,180,263,1
952,184,263,1
953,185,263,4
954,188,263,1
955,207,263,2
956,219,263,2
957,253,263,5
958,262,263,7
959,90,264,100
960,261,265,2
961,9,266,3
962,46,267,2
963,204,267,1
964,144,270,1
965,203,271,1
966,153,272,1
967,254,272,2
968,87,274,2
969,156,274,1
970,198,274,32
971,1,276,1
972,28,276,2
973,33,276,2
974,48,276,1
975,51,276,1
976,151,276,1
977,161,276,1
978,178,276,1
979,180,276,1
980,185,276,1
981,235,276,1
982,250,276,1
983,263,276,1
984,149,278,85
985,124,279,1
986,37,282,1
987,97,282,1
988,219,282,1
989,40,286,2
990,102,286,5
991,111,286,5
992,112,286,5
993,116,286,5
994,120,286,5
995,121,286,5
996,123,286,5
997,127,286,1
998,128,286,5
999,135,286,5
1000,136,286,5
1001,138,286,5
1002,139,286,5
1003,140,286,5
1004,146,286,5
1005,147,286,7
1006,194,286,5
1007,40,287,2
1008,102,287,5
1009,111,287,5
1010,112,287,5
1011,116,287,5
1012,120,287,5
1013,121,287,5
1014,122,287,1
1015,123,287,5
1016,127,287,2
1017,128,287,5
1018,135,287,6
1019,136,287,5
1020,138,287,5
1021,139,287,5
1022,140,287,5
1023,146,287,5
1024,147,287,7
1025,194,287,5
1026,286,287,5
1027,285,288,56
1028,149,289,3
1029,278,289,9
1030,40,292,2
1031,102,292,29
1032,111,292,6
1033,112,292,11
1034,116,292,30
1035,120,292,7
1036,121,292,41
1037,122,292,1
1038,123,292,9
1039,127,292,1
1040,128,292,5
1041,130,292,1
1042,134,292,1
1043,135,292,29
1044,136,292,29
1045,138,292,40
1046,139,292,30
1047,140,292,34
1048,146,292,29
1049,147,292,7
1050,156,292,2
1051,194,292,5
1052,255,292,2
1053,286,292,5
1054,287,292,5
1055,99,293,2
1056,181,293,1
1057,101,294,1
1058,124,294,3
1059,1,295,8
1060,7,295,1
1061,10,295,2
1062,16,295,1
1063,20,295,3
1064,36,295,4
1065,48,295,2
1066,51,295,1
1067,59,295,3
1068,60,295,1
1069,61,295,1
1070,72,295,3
1071,73,295,1
1072,74,295,2
1073,75,295,9
1074,76,295,1
1075,77,295,1
1076,79,295,2
1077,97,295,7
1078,100,295,13
1079,124,295,1
1080,141,295,24
1081,148,295,1
1082,150,295,6
1083,165,295,1
1084,172,295,2
1085,178,295,1
1086,179,295,1
1087,180,295,1
1088,182,295,2
1089,185,295,11
1090,188,295,2
1091,205,295,21
1092,207,295,56
1093,209,295,1
1094,212,295,3
1095,213,295,12
1096,216,295,2
1097,219,295,8
1098,250,295,1
1099,253,295,4
1100,262,295,2
1101,263,295,2
1102,276,295,1
1103,114,296,1
1104,189,296,1
1105,193,296,1
1106,188,297,12
1107,214,297,1
1108,248,297,1
1109,295,297,1
1110,102,298,1
1111,112,298,1
1112,116,298,1
1113,121,298,1
1114,130,298,1
1115,135,298,4
1116,48,299,1
1117,72,299,1
1118,73,299,1
1119,74,299,2
1120,75,299,1
1121,76,299,2
1122,77,299,2
1123,78,299,2
1124,79,299,2
1125,109,299,1
1126,219,299,2
1127,295,299,1
1128,6,300,1
1129,156,300,2
1130,18,301,4
1131,67,301,4
1132,98,301,3
1133,28,302,2
1134,36,302,4
1135,48,302,4
1136,51,302,3
1137,59,302,3
1138,60,302,2
1139,61,302,3
1140,91,302,1
1141,97,302,2
1142,150,302,1
1143,178,302,1
1144,179,302,3
1145,182,302,3
1146,209,302,1
1147,216,302,1
1148,250,302,3
1149,276,302,1
1150,295,302,3
1151,177,304,1
1152,40,306,2
1153,102,306,6
1154,111,306,10
1155,112,306,7
1156,116,306,11
1157,120,306,5
1158,121,306,6
1159,122,306,2
1160,123,306,7
1161,127,306,2
1162,128,306,8
1163,134,306,7
1164,135,306,5
1165,136,306,6
1166,138,306,6
1167,139,306,5
1168,140,306,5
1169,146,306,5
1170,147,306,7
1171,194,306,5
1172,255,306,1
1173,286,306,5
1174,287,306,5
1175,292,306,6
1176,40,307,2
1177,85,307,15
1178,92,307,2
1179,102,307,12
1180,111,307,27
1181,112,307,6
1182,116,307,8
1183,120,307,5
1184,121,307,7
1185,122,307,1
1186,123,307,7
1187,127,307,3
1188,128,307,5
1189,130,307,2
1190,134,307,1
1191,135,307,6
1192,136,307,12
1193,138,307,6
1194,139,307,7
1195,140,307,7
1196,146,307,7
1197,147,307,7
1198,156,307,1
1199,194,307,5
1200,255,307,3
1201,286,307,5
1202,287,307,5
1203,292,307,7
1204,298,307,1
1205,306,307,7
1206,40,308,2
1207,102,308,5
1208,111,308,5
1209,112,308,5
1210,116,308,5
1211,120,308,5
1212,121,308,5
1213,123,308,5
1214,127,308,1
1215,128,308,5
1216,135,308,5
1217,136,308,5
1218,138,308,5
1219,139,308,5
1220,140,308,5
1221,146,308,5
1222,147,308,9
1223,194,308,5
1224,286,308,5
1225,287,308,5
1226,292,308,5
1227,306,308,6
1228,307,308,5
1229,1,309,4
1230,20,309,1
1231,48,309,2
1232,51,309,1
1233,59,309,1
1234,60,309,2
1235,61,309,1
1236,73,309,2
1237,74,309,1
1238,75,309,2
1239,97,309,6
1240,150,309,3
1241,179,309,1
1242,202,309,1
1243,207,309,2
1244,219,309,3
1245,240,309,1
1246,250,309,1
1247,253,309,1
1248,293,309,49
1249,294,309,1
1250,295,309,5
1251,27,310,1
1252,68,310,2
1253,156,310,3
1254,173,310,1
1255,295,310,1
1256,300,310,1
1257,306,311,1
1258,40,314,2
1259,102,314,29
1260,111,314,6
1261,112,314,8
1262,116,314,31
1263,120,314,6
1264,121,314,21
1265,123,314,13
1266,127,314,1
1267,128,314,6
1268,130,314,1
1269,135,314,31
1270,136,314,29
1271,138,314,29
1272,139,314,32
1273,140,314,30
1274,146,314,34
1275,147,314,7
1276,194,314,9
1277,255,314,1
1278,286,314,5
1279,287,314,5
1280,292,314,29
1281,306,314,5
1282,307,314,6
1283,308,314,5
1284,26,316,13
1285,290,317,49
1286,40,318,2
1287,102,318,5
1288,111,318,5
1289,112,318,6
1290,116,318,12
1291,120,318,5
1292,121,318,6
1293,123,318,5
1294,127,318,2
1295,128,318,5
1296,134,318,3
1297,135,318,5
1298,136,318,8
1299,138,318,5
1300,139,318,5
1301,140,318,5
1302,146,318,5
1303,147,318,7
1304,194,318,5
1305,286,318,5
1306,287,318,5
1307,292,318,5
1308,306,318,6
1309,307,318,5
1310,308,318,6
1311,314,318,5
1312,75,321,1
1313,79,321,2
1314,253,321,4
1315,262,321,2
1316,263,321,5
1317,105,322,4
1318,252,322,77
1319,45,323,1
1320,49,323,3
1321,53,323,2
1322,54,323,3
1323,10,324,1
1324,11,324,1
1325,21,324,1
1326,1,325,2
1327,28,325,2
1328,33,325,2
1329,36,325,1
1330,48,325,1
1331,51,325,2
1332,59,325,2
1333,61,325,1
1334,151,325,1
1335,157,325,1
1336,179,325,1
1337,182,325,2
1338,188,325,1
1339,219,325,1
1340,240,325,1
1341,250,325,2
1342,276,325,3
1343,295,325,1
1344,302,325,97
1345,321,325,1
1346,1,326,1
1347,254,326,1
1348,273,326,1
1349,295,326,2
1350,1,327,1
1351,20,327,1
1352,28,327,3
1353,33,327,2
1354,51,327,1
1355,150,327,1
1356,172,327,1
1357,179,327,1
1358,185,327,1
1359,219,327,1
1360,250,327,2
1361,276,327,4
1362,295,327,1
1363,302,327,69
1364,309,327,1
1365,325,327,151
1366,220,328,1
1367,31,330,1
1368,204,330,1
1369,221,330,1
1370,263,331,17
1371,315,332,19
1372,313,333,16
1373,296,335,8
1374,324,335,1
1375,14,336,6
1376,23,336,5
1377,24,336,2
1378,46,336,6
1379,50,336,6
1380,53,336,1
1381,54,336,1
1382,161,336,5
1383,200,336,2
1384,244,336,5
1385,319,336,1
1386,323,336,3
1387,326,337,1
1388,20,338,1
1389,229,339,2
1390,259,339,6
1391,321,339,1
1392,279,340,3
1393,20,341,1
1394,328,342,23
1395,13,343,32
1396,246,343,1
1397,336,343,1
1398,94,345,1
1399,221,345,1
1400,20,346,1
1401,93,346,1
1402,149,346,1
1403,151,346,1
1404,167,346,1
1405,180,346,1
1406,184,346,1
1407,240,346,1
1408,321,346,1
1409,70,348,5
1410,150,348,1
1411,181,348,38
1412,199,348,3
1413,30,349,2
1414,32,349,6
1415,186,349,1
1416,189,349,10
1417,192,349,1
1418,193,349,2
1419,296,349,2
1420,33,351,3
1421,48,351,4
1422,51,351,1
1423,59,351,2
1424,61,351,1
1425,72,351,6
1426,73,351,2
1427,74,351,2
1428,75,351,2
1429,76,351,1
1430,77,351,3
1431,78,351,3
1432,79,351,1
1433,97,351,2
1434,100,351,1
1435,150,351,3
1436,179,351,1
1437,182,351,2
1438,185,351,1
1439,202,351,5
1440,207,351,2
1441,219,351,2
1442,240,351,6
1443,250,351,1
1444,295,351,2
1445,309,351,1
1446,321,351,1
1447,327,351,1
1448,14,353,3
1449,23,353,3
1450,50,353,3
1451,161,353,3
1452,244,353,3
1453,336,353,3
1454,249,355,8
1455,2,356,1
1456,14,356,4
1457,20,356,1
1458,23,356,4
1459,50,356,3
1460,61,356,1
1461,93,356,1
1462,149,356,1
1463,151,356,1
1464,159,356,1
1465,161,356,5
1466,164,356,1
1467,165,356,1
1468,180,356,1
1469,184,356,1
1470,235,356,1
1471,244,356,4
1472,255,356,1
1473,321,356,2
1474,336,356,4
1475,346,356,9
1476,351,356,2
1477,353,356,3
1478,275,357,84
1479,10,358,1
1480,20,359,1
1481,159,359,1
1482,164,359,1
1483,167,359,1
1484,180,359,1
1485,184,359,1
1486,185,359,1
1487,207,359,1
1488,219,359,1
1489,276,359,1
1490,321,359,2
1491,327,359,1
1492,346,359,2
1493,351,359,1
1494,356,359,2
1495,326,360,1
1496,337,360,8
1497,14,362,5
1498,20,362,1
1499,23,362,5
1500,33,362,2
1501,48,362,1
1502,50,362,4
1503,149,362,1
1504,161,362,6
1505,164,362,1
1506,180,362,1
1507,184,362,1
1508,202,362,1
1509,240,362,1
1510,244,362,8
1511,263,362,1
1512,321,362,2
1513,336,362,5
1514,346,362,3
1515,351,362,1
1516,353,362,3
1517,356,362,5
1518,359,362,1
1519,20,363,1
1520,338,363,51
1521,320,364,2
1522,20,365,1
1523,36,365,6
1524,48,365,4
1525,51,365,3
1526,59,365,3
1527,60,365,2
1528,61,365,3
1529,91,365,1
1530,97,365,3
1531,150,365,1
1532,178,365,1
1533,179,365,3
1534,182,365,3
1535,209,365,1
1536,216,365,1
1537,235,365,1
1538,250,365,3
1539,276,365,1
1540,295,365,1
1541,302,365,4
1542,309,365,2
1543,325,365,2
1544,327,365,1
1545,335,365,2
1546,351,365,1
1547,362,365,1
1548,236,366,10
1549,1,367,5
1550,20,367,2
1551,36,367,2
1552,48,367,1
1553,59,367,4
1554,72,367,2
1555,73,367,4
1556,74,367,3
1557,75,367,21
1558,76,367,5
1559,77,367,2
1560,78,367,3
1561,79,367,1
1562,97,367,23
1563,100,367,1
1564,148,367,1
1565,150,367,6
1566,151,367,1
1567,157,367,1
1568,161,367,1
1569,168,367,1
1570,172,367,2
1571,179,367,1
1572,182,367,7
1573,184,367,1
1574,185,367,2
1575,188,367,1
1576,202,367,3
1577,207,367,12
1578,219,367,27
1579,235,367,1
1580,250,367,4
1581,253,367,3
1582,262,367,8
1583,263,367,2
1584,295,367,17
1585,299,367,2
1586,309,367,6
1587,351,367,1
1588,283,370,30
1589,100,371,1
1590,148,371,1
1591,149,371,1
1592,150,371,1
1593,151,371,1
1594,154,371,1
1595,157,371,1
1596,158,371,1
1597,161,371,1
1598,162,371,1
1599,166,371,1
1600,167,371,1
1601,168,371,1
1602,172,371,1
1603,180,371,1
1604,184,371,1
1605,185,371,1
1606,188,371,1
1607,219,371,1
1608,235,371,1
1609,295,371,1
1610,309,371,2
1611,367,371,6
1612,1,372,2
1613,20,372,3
1614,33,372,1
1615,36,372,3
1616,48,372,1
1617,51,372,1
1618,59,372,3
1619,61,372,1
1620,72,372,2
1621,73,372,4
1622,74,372,4
1623,75,372,17
1624,76,372,2
1625,77,372,1
1626,78,372,3
1627,97,372,18
1628,100,372,2
1629,148,372,1
1630,150,372,4
1631,151,372,1
1632,154,372,1
1633,157,372,1
1634,158,372,1
1635,161,372,1
1636,162,372,1
1637,165,372,1
1638,166,372,1
1639,172,372,1
1640,179,372,1
1641,180,372,1
1642,181,372,1
1643,182,372,7
1644,184,372,1
1645,185,372,2
1646,188,372,1
1647,202,372,3
1648,207,372,10
1649,219,372,18
1650,235,372,1
1651,250,372,4
1652,262,372,1
1653,282,372,1
1654,295,372,9
1655,302,372,1
1656,309,372,4
1657,325,372,1
1658,365,372,1
1659,367,372,82
1660,371,372,10
1661,1,373,2
1662,20,373,3
1663,36,373,3
1664,48,373,2
1665,51,373,1
1666,59,373,3
1667,60,373,1
1668,61,373,3
1669,72,373,1
1670,73,373,2
1671,74,373,4
1672,75,373,17
1673,76,373,3
1674,77,373,1
1675,78,373,3
1676,97,373,21
1677,100,373,1
1678,148,373,2
1679,150,373,5
1680,151,373,1
1681,157,373,1
1682,158,373,1
1683,161,373,1
1684,162,373,1
1685,165,373,1
1686,166,373,1
1687,167,373,1
1688,172,373,1
1689,179,373,3
1690,181,373,2
1691,182,373,10
1692,184,373,1
1693,185,373,1
1694,188,373,2
1695,202,373,3
1696,207,373,7
1697,219,373,23
1698,250,373,4
1699,253,373,6
1700,295,373,17
1701,302,373,1
1702,309,373,4
1703,325,373,1
1704,351,373,1
1705,365,373,2
1706,367,373,61
1707,371,373,5
1708,372,373,78
1709,4,375,3
1710,233,375,1
1711,30,376,2
1712,193,376,1
1713,206,376,1
1714,349,376,1
1715,328,377,1
1716,1,378,2
1717,20,378,3
1718,36,378,4
1719,48,378,2
1720,51,378,1
1721,59,378,5
1722,61,378,1
1723,73,378,4
1724,74,378,4
1725,75,378,26
1726,76,378,3
1727,77,378,1
1728,78,378,3
1729,79,378,1
1730,97,378,51
1731,100,378,1
1732,148,378,1
1733,150,378,3
1734,165,378,1
1735,166,378,1
1736,167,378,1
1737,172,378,1
1738,179,378,2
1739,182,378,7
1740,185,378,1
1741,188,378,2
1742,202,378,3
1743,219,378,46
1744,240,378,4
1745,250,378,5
1746,253,378,5
1747,262,378,1
1748,282,378,1
1749,295,378,5
1750,302,378,1
1751,309,378,5
1752,325,378,1
1753,351,378,2
1754,365,378,2
1755,367,378,25
1756,371,378,9
1757,372,378,21
1758,373,378,33
1759,100,379,1
1760,141,379,17
1761,150,379,2
1762,181,379,2
1763,185,379,2
1764,205,379,33
1765,207,379,21
1766,213,379,34
1767,295,379,39
1768,367,379,39
1769,372,379,39
1770,373,379,40
1771,347,380,5
1772,1,381,2
1773,20,381,3
1774,36,381,3
1775,48,381,1
1776,51,381,1
1777,59,381,3
1778,61,381,1
1779,72,381,1
1780,73,381,2
1781,74,381,3
1782,75,381,16
1783,76,381,3
1784,78,381,3
1785,97,381,17
1786,148,381,2
1787,150,381,2
1788,154,381,1
1789,157,381,1
1790,165,381,1
1791,168,381,1
1792,172,381,1
1793,179,381,1
1794,182,381,9
1795,184,381,1
1796,185,381,2
1797,188,381,1
1798,202,381,3
1799,207,381,4
1800,219,381,27
1801,235,381,1
1802,250,381,5
1803,262,381,1
1804,295,381,11
1805,302,381,2
1806,309,381,4
1807,321,381,1
1808,325,381,2
1809,351,381,1
1810,365,381,1
1811,367,381,67
1812,371,381,10
1813,372,381,65
1814,373,381,70
1815,378,381,25
1816,379,381,20
1817,1,382,1
1818,61,382,1
1819,100,382,1
1820,148,382,1
1821,149,382,1
1822,151,382,1
1823,153,382,1
1824,157,382,1
1825,158,382,1
1826,159,382,1
1827,161,382,1
1828,165,382,1
1829,166,382,1
1830,167,382,1
1831,172,382,1
1832,179,382,1
1833,180,382,2
1834,182,382,1
1835,184,382,2
1836,185,382,1
1837,188,382,1
1838,219,382,1
1839,295,382,1
1840,309,382,2
1841,365,382,1
1842,367,382,6
1843,371,382,10
1844,372,382,5
1845,373,382,10
1846,378,382,10
1847,381,382,5
1848,21,383,1
1849,190,383,1
1850,36,384,1
1851,48,384,2
1852,51,384,1
1853,59,384,1
1854,60,384,1
1855,61,384,1
1856,91,384,2
1857,97,384,1
1858,162,384,1
1859,178,384,1
1860,179,384,1
1861,182,384,1
1862,209,384,1
1863,216,384,2
1864,250,384,1
1865,302,384,1
1866,359,384,1
1867,365,384,1
1868,1,386,2
1869,148,386,1
1870,149,386,1
1871,151,386,1
1872,154,386,1
1873,157,386,1
1874,158,386,1
1875,161,386,1
1876,162,386,1
1877,165,386,1
1878,166,386,1
1879,167,386,1
1880,172,386,1
1881,180,386,1
1882,184,386,1
1883,185,386,1
1884,188,386,1
1885,207,386,2
1886,219,386,1
1887,235,386,1
1888,295,386,1
1889,309,386,1
1890,367,386,11
1891,371,386,9
1892,372,386,6
1893,373,386,6
1894,378,386,11
1895,381,386,11
1896,382,386,9
1897,1,387,2
1898,20,387,4
1899,36,387,2
1900,48,387,2
1901,51,387,1
1902,59,387,5
1903,61,387,1
1904,72,387,4
1905,73,387,5
1906,74,387,3
1907,75,387,26
1908,76,387,3
1909,77,387,3
1910,78,387,2
1911,79,387,2
1912,97,387,42
1913,148,387,1
1914,149,387,1
1915,150,387,2
1916,151,387,1
1917,154,387,1
1918,157,387,1
1919,158,387,1
1920,161,387,1
1921,162,387,1
1922,164,387,1
1923,165,387,1
1924,166,387,1
1925,168,387,1
1926,172,387,1
1927,180,387,1
1928,182,387,6
1929,184,387,1
1930,188,387,1
1931,202,387,4
1932,219,387,47
1933,235,387,1
1934,240,387,4
1935,250,387,4
1936,253,387,7
1937,262,387,4
1938,263,387,1
1939,295,387,7
1940,299,387,1
1941,309,387,3
1942,351,387,1
1943,367,387,32
1944,371,387,11
1945,372,387,26
1946,373,387,28
1947,378,387,45
1948,381,387,21
1949,382,387,11
1950,386,387,6
1951,374,388,16
1952,280,389,16
1953,1,390,3
1954,20,390,4
1955,36,390,3
1956,48,390,1
1957,51,390,1
1958,59,390,4
1959,60,390,1
1960,61,390,1
1961,72,390,2
1962,73,390,3
1963,74,390,2
1964,75,390,25
1965,76,390,2
1966,77,390,1
1967,78,390,3
1968,97,390,28
1969,148,390,1
1970,150,390,5
1971,151,390,1
1972,154,390,1
1973,158,390,1
1974,166,390,1
1975,167,390,1
1976,168,390,1
1977,172,390,2
1978,179,390,1
1979,180,390,1
1980,182,390,9
1981,184,390,1
1982,185,390,1
1983,188,390,1
1984,202,390,3
1985,207,390,7
1986,219,390,23
1987,235,390,1
1988,250,390,4
1989,253,390,7
1990,262,390,1
1991,276,390,1
1992,282,390,1
1993,295,390,14
1994,302,390,2
1995,309,390,4
1996,325,390,2
1997,351,390,2
1998,365,390,1
1999,367,390,74
2000,371,390,5
2001,372,390,79
2002,373,390,72
2003,378,390,37
2004,379,390,40
2005,381,390,121
2006,382,390,5
2007,386,390,11
2008,387,390,38
2009,148,391,1
2010,150,391,1
2011,151,391,1
2012,154,391,1
2013,157,391,1
2014,158,391,1
2015,161,391,1
2016,162,391,1
2017,165,391,1
2018,166,391,1
2019,167,391,1
2020,168,391,1
2021,172,391,1
2022,184,391,1
2023,185,391,1
2024,188,391,1
2025,207,391,1
2026,219,391,1
2027,235,391,1
2028,295,391,1
2029,309,391,2
2030,367,391,11
2031,371,391,5
2032,372,391,10
2033,373,391,10
2034,378,391,5
2035,381,391,10
2036,382,391,10
2037,384,391,2
2038,386,391,11
2039,387,391,11
2040,390,391,10
2041,354,392,74
2042,20,393,4
2043,28,393,1
2044,36,393,7
2045,48,393,6
2046,51,393,3
2047,59,393,5
2048,60,393,2
2049,61,393,3
2050,73,393,3
2051,74,393,4
2052,75,393,5
2053,76,393,2
2054,78,393,4
2055,79,393,2
2056,91,393,1
2057,97,393,10
2058,114,393,1
2059,150,393,1
2060,178,393,1
2061,179,393,3
2062,182,393,9
2063,202,393,3
2064,209,393,2
2065,216,393,1
2066,219,393,7
2067,250,393,6
2068,253,393,1
2069,262,393,1
2070,295,393,4
2071,302,393,3
2072,309,393,4
2073,325,393,2
2074,327,393,1
2075,351,393,1
2076,365,393,3
2077,367,393,7
2078,372,393,8
2079,373,393,9
2080,378,393,7
2081,381,393,8
2082,384,393,1
2083,387,393,7
2084,390,393,9
2085,250,394,1
2086,328,394,1
2087,369,394,33
2088,345,395,4
2089,195,396,1
2090,345,396,1
2091,395,396,68
2092,1,397,3
2093,20,397,3
2094,36,397,4
2095,48,397,2
2096,51,397,1
2097,59,397,4
2098,61,397,1
2099,72,397,1
2100,73,397,3
2101,74,397,2
2102,75,397,14
2103,76,397,3
2104,77,397,1
2105,78,397,2
2106,79,397,1
2107,97,397,16
2108,100,397,1
2109,148,397,1
2110,150,397,4
2111,152,397,1
2112,158,397,1
2113,161,397,1
2114,162,397,1
2115,165,397,1
2116,166,397,1
2117,167,397,1
2118,172,397,2
2119,179,397,2
2120,182,397,8
2121,184,397,1
2122,185,397,1
2123,188,397,1
2124,202,397,3
2125,207,397,7
2126,219,397,20
2127,235,397,1
2128,250,397,6
2129,295,397,16
2130,302,397,2
2131,309,397,3
2132,325,397,1
2133,327,397,1
2134,351,397,2
2135,365,397,2
2136,367,397,83
2137,371,397,10
2138,372,397,68
2139,373,397,78
2140,378,397,26
2141,379,397,20
2142,381,397,69
2143,382,397,10
2144,386,397,6
2145,387,397,30
2146,390,397,101
2147,391,397,10
2148,393,397,8
2149,22,398,1
2150,154,399,23
2151,1,400,1
2152,148,400,1
2153,150,400,1
2154,151,400,1
2155,157,400,1
2156,161,400,1
2157,162,400,1
2158,165,400,1
2159,166,400,1
2160,167,400,1
2161,172,400,1
2162,180,400,1
2163,184,400,1
2164,185,400,1
2165,188,400,1
2166,219,400,1
2167,235,400,1
2168,295,400,1
2169,309,400,2
2170,367,400,6
2171,371,400,5
2172,372,400,6
2173,373,400,11
2174,378,400,10
2175,381,400,5
2176,382,400,21
2177,386,400,6
2178,387,400,11
2179,390,400,10
2180,391,400,10
2181,397,400,6
2182,199,401,1
2183,280,401,6
2184,82,402,7
2185,131,402,2
2186,280,402,62
2187,389,402,12
2188,401,402,1
2189,1,403,2
2190,20,403,4
2191,33,403,1
2192,36,403,3
2193,48,403,1
2194,51,403,1
2195,59,403,4
2196,61,403,1
2197,72,403,3
2198,73,403,5
2199,74,403,2
2200,75,403,27
2201,76,403,4
2202,77,403,3
2203,78,403,4
2204,79,403,2
2205,97,403,48
2206,148,403,1
2207,150,403,3
2208,151,403,2
2209,154,403,1
2210,157,403,1
2211,158,403,1
2212,159,403,1
2213,161,403,1
2214,162,403,1
2215,165,403,1
2216,166,403,1
2217,167,403,1
2218,168,403,1
2219,172,403,2
2220,179,403,1
2221,182,403,7
2222,184,403,1
2223,185,403,2
2224,188,403,2
2225,202,403,3
2226,207,403,2
2227,219,403,40
2228,240,403,5
2229,250,403,5
2230,262,403,8
2231,263,403,1
2232,282,403,1
2233,295,403,6
2234,299,403,1
2235,309,403,5
2236,321,403,1
2237,367,403,34
2238,371,403,10
2239,372,403,26
2240,373,403,37
2241,378,403,52
2242,381,403,29
2243,382,403,10
2244,386,403,10
2245,387,403,61
2246,390,403,36
2247,391,403,11
2248,393,403,8
2249,397,403,31
2250,400,403,11
2251,33,404,1
2252,100,404,5
2253,150,404,2
2254,172,404,30
2255,180,404,1
2256,185,404,5
2257,188,404,6
2258,207,404,5
2259,219,404,1
2260,235,404,1
2261,253,404,1
2262,262,404,1
2263,263,404,2
2264,295,404,3
2265,367,404,1
2266,371,404,1
2267,372,404,2
2268,373,404,2
2269,381,404,1
2270,382,404,1
2271,386,404,2
2272,387,404,1
2273,390,404,1
2274,391,404,1
2275,397,404,2
2276,400,404,2
2277,403,404,1
2278,135,405,1
2279,255,405,1
2280,127,406,1
2281,40,407,2
2282,102,407,2
2283,111,407,1
2284,112,407,1
2285,116,407,2
2286,120,407,1
2287,121,407,1
2288,123,407,3
2289,127,407,1
2290,128,407,1
2291,135,407,4
2292,136,407,4
2293,138,407,4
2294,139,407,2
2295,140,407,2
2296,146,407,3
2297,147,407,2
2298,156,407,1
2299,194,407,1
2300,286,407,2
2301,287,407,1
2302,292,407,2
2303,306,407,2
2304,307,407,1
2305,308,407,1
2306,314,407,2
2307,318,407,2
2308,102,408,1
2309,135,408,1
2310,136,408,2
2311,138,408,1
2312,139,408,1
2313,140,408,3
2314,146,408,1
2315,292,408,1
2316,306,408,3
2317,314,408,1
2318,407,408,15
2319,98,410,2
2320,304,411,1
2321,156,412,1
2322,10,413,1
2323,40,413,3
2324,102,413,6
2325,111,413,6
2326,112,413,5
2327,116,413,6
2328,120,413,5
2329,121,413,6
2330,123,413,8
2331,127,413,1
2332,128,413,6
2333,135,413,6
2334,136,413,6
2335,138,413,6
2336,139,413,12
2337,140,413,6
2338,146,413,6
2339,147,413,7
2340,194,413,5
2341,286,413,5
2342,287,413,5
2343,292,413,6
2344,306,413,5
2345,307,413,6
2346,308,413,5
2347,314,413,9
2348,318,413,5
2349,407,413,2
2350,112,414,1
2351,127,414,4
2352,134,414,1
2353,135,414,1
2354,287,414,2
2355,306,414,1
2356,308,414,1
2357,46,415,4
2358,53,415,1
2359,156,416,1
2360,282,416,22
2361,415,418,3
2362,245,419,4
2363,9,421,1
2364,29,421,1
2365,181,421,1
2366,332,421,1
2367,249,422,3
2368,411,424,1
2369,1,425,1
2370,177,425,1
2371,337,425,2
2372,375,425,1
2373,411,425,1
2374,423,425,1
2375,183,426,1
2376,260,426,1
2377,425,426,2
2378,5,427,2
2379,9,428,1
2380,67,428,2
2381,98,428,5
2382,301,428,4
2383,262,429,1
2384,355,429,1
2385,177,430,1
2386,258,430,5
2387,67,431,1
2388,98,431,2
2389,301,431,6
2390,428,431,4
2391,18,432,5
2392,67,432,2
2393,98,432,11
2394,243,432,2
2395,301,432,2
2396,428,432,2
2397,431,432,1
2398,191,433,1
2399,295,433,1
2400,177,434,1
2401,304,434,1
2402,411,434,1
2403,425,434,1
2404,48,436,5
2405,77,436,1
2406,351,436,3
2407,181,437,3
2408,295,437,1
2409,177,438,3
2410,411,438,3
2411,382,439,1
2412,283,440,2
2413,15,443,1
2414,113,443,4
2415,344,443,1
2416,256,444,7
2417,63,445,20
2418,438,446,1
2419,20,447,1
2420,290,447,1
2421,88,448,29
2422,220,448,2
2423,227,448,2
2424,337,449,1
2425,177,450,2
2426,304,450,1
2427,410,450,1
2428,438,450,2
2429,25,452,1
2430,217,452,1
2431,385,452,1
2432,84,453,14
2433,94,454,2
2434,206,454,1
2435,376,454,1
2436,104,455,2
2437,22,456,1
2438,29,456,1
2439,173,456,1
2440,293,456,1
2441,310,456,1
2442,1,457,1
2443,33,457,1
2444,48,457,1
2445,72,457,1
2446,77,457,1
2447,79,457,1
2448,100,457,146
2449,141,457,3
2450,148,457,1
2451,150,457,3
2452,165,457,1
2453,172,457,5
2454,180,457,1
2455,184,457,1
2456,185,457,152
2457,188,457,5
2458,205,457,4
2459,207,457,44
2460,212,457,2
2461,213,457,3
2462,235,457,1
2463,253,457,3
2464,262,457,5
2465,263,457,4
2466,295,457,17
2467,351,457,1
2468,367,457,2
2469,371,457,1
2470,372,457,1
2471,373,457,1
2472,378,457,1
2473,379,457,6
2474,381,457,1
2475,382,457,1
2476,386,457,2
2477,390,457,1
2478,391,457,1
2479,397,457,1
2480,400,457,1
2481,403,457,1
2482,404,457,5
2483,18,458,5
2484,67,458,3
2485,98,458,8
2486,301,458,2
2487,428,458,7
2488,431,458,6
2489,432,458,5
2490,20,459,1
2491,380,459,1
2492,141,460,2
2493,150,460,2
2494,205,460,2
2495,213,460,1
2496,256,460,2
2497,372,460,1
2498,379,460,1
2499,381,460,1
2500,390,460,1
2501,457,460,1
2502,25,461,4
2503,111,461,1
2504,217,461,2
2505,339,461,1
2506,76,462,1
2507,37,463,1
2508,120,463,1
2509,345,464,2
2510,395,464,5
2511,396,464,4
2512,225,465,2
2513,268,465,1
2514,70,466,1
2515,223,466,1
2516,324,466,1
2517,24,467,2
2518,428,468,1
2519,439,468,1
2520,272,469,1
2521,380,469,1
2522,281,470,2
2523,142,471,2
2524,303,471,1
2525,364,472,34
2526,330,473,8
2527,350,473,3
2528,1,474,1
2529,11,474,1
2530,100,474,2
2531,109,474,3
2532,185,474,1
2533,207,474,4
2534,223,474,1
2535,295,474,2
2536,324,474,1
2537,397,474,1
2538,457,474,2
2539,466,474,1
2540,20,475,1
2541,172,475,1
2542,191,475,1
2543,223,475,1
2544,246,475,5
2545,295,475,5
2546,309,475,1
2547,349,475,1
2548,371,475,1
2549,391,475,1
2550,397,475,1
2551,380,476,1
2552,469,476,51
2553,76,477,2
2554,162,477,1
2555,459,477,3
2556,476,477,1
2557,380,478,1
2558,469,478,2
2559,476,478,2
2560,477,478,1
2561,36,479,2
2562,48,479,2
2563,51,479,1
2564,59,479,1
2565,60,479,1
2566,61,479,1
2567,91,479,1
2568,97,479,1
2569,178,479,1
2570,179,479,1
2571,182,479,1
2572,209,479,1
2573,216,479,20
2574,250,479,1
2575,295,479,2
2576,302,479,1
2577,325,479,1
2578,365,479,1
2579,384,479,1
2580,393,479,1
2581,20,481,1
2582,36,481,8
2583,48,481,4
2584,51,481,3
2585,59,481,3
2586,60,481,2
2587,61,481,3
2588,75,481,1
2589,76,481,1
2590,78,481,1
2591,79,481,1
2592,91,481,1
2593,97,481,6
2594,178,481,1
2595,179,481,3
2596,182,481,3
2597,209,481,1
2598,216,481,1
2599,219,481,3
2600,250,481,3
2601,282,481,1
2602,295,481,3
2603,302,481,3
2604,325,481,1
2605,327,481,1
2606,365,481,3
2607,367,481,4
2608,372,481,5
2609,373,481,5
2610,378,481,3
2611,381,481,4
2612,384,481,1
2613,387,481,3
2614,390,481,3
2615,393,481,4
2616,397,481,3
2617,403,481,4
2618,479,481,1
2619,36,482,6
2620,48,482,7
2621,51,482,4
2622,59,482,7
2623,60,482,2
2624,61,482,5
2625,72,482,3
2626,73,482,6
2627,74,482,5
2628,75,482,7
2629,76,482,5
2630,77,482,2
2631,78,482,4
2632,79,482,1
2633,91,482,1
2634,97,482,6
2635,150,482,1
2636,178,482,1
2637,179,482,5
2638,182,482,8
2639,202,482,9
2640,209,482,1
2641,216,482,1
2642,219,482,4
2643,250,482,7
2644,276,482,1
2645,295,482,1
2646,302,482,3
2647,309,482,1
2648,325,482,1
2649,351,482,1
2650,362,482,1
2651,365,482,3
2652,367,482,4
2653,372,482,4
2654,373,482,6
2655,378,482,4
2656,381,482,6
2657,384,482,1
2658,387,482,4
2659,390,482,5
2660,393,482,6
2661,397,482,5
2662,403,482,4
2663,479,482,1
2664,481,482,3
2665,47,483,2
2666,50,483,4
2667,187,483,79
2668,20,484,2
2669,36,484,5
2670,40,484,2
2671,48,484,4
2672,51,484,3
2673,59,484,3
2674,60,484,2
2675,61,484,3
2676,72,484,1
2677,74,484,1
2678,75,484,1
2679,77,484,1
2680,78,484,1
2681,91,484,1
2682,97,484,4
2683,102,484,13
2684,111,484,6
2685,112,484,5
2686,116,484,15
2687,120,484,5
2688,121,484,13
2689,123,484,9
2690,127,484,1
2691,128,484,5
2692,134,484,1
2693,135,484,13
2694,136,484,13
2695,138,484,13
2696,139,484,13
2697,140,484,13
2698,146,484,13
2699,147,484,7
2700,178,484,1
2701,179,484,3
2702,182,484,3
2703,194,484,5
2704,209,484,1
2705,216,484,1
2706,219,484,1
2707,250,484,3
2708,286,484,5
2709,287,484,5
2710,292,484,13
2711,295,484,1
2712,302,484,3
2713,306,484,5
2714,307,484,6
2715,308,484,5
2716,309,484,1
2717,314,484,13
2718,318,484,5
2719,325,484,1
2720,365,484,3
2721,367,484,1
2722,372,484,2
2723,373,484,2
2724,378,484,2
2725,381,484,2
2726,384,484,1
2727,387,484,3
2728,390,484,2
2729,393,484,5
2730,397,484,3
2731,403,484,2
2732,407,484,1
2733,413,484,7
2734,479,484,1
2735,481,484,4
2736,482,484,3
2737,108,485,2
2738,11,486,5
2739,109,486,1
2740,295,486,1
2741,324,486,4
2742,474,486,62
2743,45,487,1
2744,53,487,2
2745,50,488,5
2746,187,488,55
2747,483,488,90
2748,98,489,2
2749,277,489,91
2750,284,489,1
2751,1,490,1
2752,20,490,1
2753,33,490,1
2754,148,490,1
2755,150,490,1
2756,151,490,1
2757,157,490,1
2758,158,490,1
2759,161,490,2
2760,164,490,2
2761,165,490,1
2762,167,490,1
2763,168,490,1
2764,180,490,2
2765,184,490,1
2766,202,490,1
2767,219,490,2
2768,235,490,1
2769,240,490,1
2770,263,490,1
2771,325,490,1
2772,351,490,1
2773,18,491,1
2774,98,491,2
2775,352,491,1
2776,431,491,1
2777,71,493,2
2778,150,493,1
2779,207,493,5
2780,295,493,6
2781,299,493,2
2782,367,493,50
2783,372,493,60
2784,373,493,50
2785,379,493,39
2786,381,493,50
2787,390,493,50
2788,397,493,40
2789,177,494,1
2790,437,495,1
2791,108,496,3
2792,485,496,44
2793,36,497,6
2794,48,497,5
2795,51,497,6
2796,59,497,5
2797,60,497,2
2798,61,497,7
2799,72,497,2
2800,73,497,4
2801,74,497,2
2802,75,497,4
2803,76,497,2
2804,77,497,1
2805,78,497,3
2806,79,497,2
2807,97,497,3
2808,157,497,1
2809,178,497,1
2810,179,497,6
2811,182,497,5
2812,202,497,2
2813,209,497,1
2814,216,497,1
2815,219,497,1
2816,250,497,6
2817,295,497,2
2818,302,497,3
2819,309,497,2
2820,325,497,1
2821,351,497,1
2822,365,497,3
2823,367,497,1
2824,372,497,1
2825,373,497,1
2826,378,497,1
2827,381,497,1
2828,384,497,1
2829,387,497,1
2830,390,497,1
2831,393,497,3
2832,397,497,1
2833,403,497,1
2834,479,497,1
2835,481,497,3
2836,482,497,4
2837,484,497,3
2838,11,498,1
2839,324,498,1
2840,335,498,1
2841,451,498,62
2842,437,499,1
2843,495,499,41
2844,432,501,1
2845,64,502,1
2846,201,502,1
2847,494,502,46
2848,75,503,1
2849,97,503,1
2850,162,503,1
2851,219,503,1
2852,295,503,3
2853,367,503,1
2854,372,503,3
2855,373,503,1
2856,378,503,1
2857,380,503,1
2858,381,503,7
2859,387,503,2
2860,390,503,1
2861,397,503,2
2862,403,503,1
2863,477,503,1
2864,352,504,19
2865,106,505,1
2866,480,505,29
2867,442,506,4
2868,303,508,14
2869,471,508,2
2870,183,510,56
2871,2,511,1
2872,4,511,3
2873,304,511,3
2874,183,512,1
2875,241,512,1
2876,510,512,1
2877,33,513,2
2878,48,513,1
2879,51,513,1
2880,59,513,1
2881,61,513,1
2882,72,513,6
2883,74,513,1
2884,76,513,1
2885,77,513,3
2886,78,513,1
2887,79,513,1
2888,97,513,2
2889,100,513,1
2890,150,513,4
2891,179,513,1
2892,182,513,1
2893,185,513,1
2894,202,513,6
2895,207,513,1
2896,219,513,2
2897,240,513,6
2898,250,513,1
2899,295,513,1
2900,309,513,1
2901,321,513,1
2902,325,513,1
2903,327,513,1
2904,351,513,10
2905,356,513,1
2906,365,513,1
2907,373,513,1
2908,378,513,1
2909,381,513,1
2910,390,513,2
2911,393,513,1
2912,397,513,1
2913,403,513,1
2914,457,513,1
2915,482,513,1
2916,490,513,1
2917,177,514,2
2918,410,514,1
2919,426,514,1
2920,438,514,1
2921,450,514,97
2922,98,516,1
2923,405,516,30
2924,11,517,1
2925,324,517,1
2926,201,518,4
2927,291,518,1
2928,17,519,1
2929,5,520,8
2930,427,520,2
2931,114,521,2
2932,193,521,2
2933,206,521,2
2934,296,521,1
2935,349,521,1
2936,376,521,2
2937,177,523,2
2938,426,523,1
2939,439,523,1
2940,2,524,2
2941,4,524,1
2942,6,524,1
2943,68,524,2
2944,156,524,2
2945,356,524,1
2946,511,524,2
2947,40,525,3
2948,102,525,7
2949,111,525,5
2950,112,525,7
2951,116,525,6
2952,120,525,5
2953,121,525,8
2954,123,525,11
2955,127,525,2
2956,128,525,7
2957,130,525,1
2958,134,525,1
2959,135,525,6
2960,136,525,6
2961,138,525,8
2962,139,525,8
2963,140,525,7
2964,146,525,9
2965,147,525,11
2966,194,525,5
2967,286,525,5
2968,287,525,5
2969,292,525,6
2970,306,525,6
2971,307,525,5
2972,308,525,6
2973,314,525,7
2974,318,525,5
2975,407,525,2
2976,408,525,3
2977,413,525,5
2978,414,525,4
2979,484,525,5
2980,25,526,6
2981,217,526,3
2982,461,526,11
2983,354,527,8
2984,392,527,8
2985,98,529,2
2986,410,529,132
2987,426,529,1
2988,11,530,1
2989,517,530,83
2990,425,532,1
2991,242,533,8
2992,409,534,1
2993,68,535,1
2994,156,535,1
2995,176,535,1
2996,310,535,1
2997,6,536,1
2998,16,536,1
2999,369,536,2
3000,182,537,7
3001,35,538,83
3002,518,539,1
3003,154,540,3
3004,399,540,90
3005,417,540,1
3006,153,541,1
3007,174,541,1
3008,279,541,1
3009,382,541,1
3010,423,541,1
3011,492,541,1
3012,20,542,1
3013,33,542,7
3014,48,542,2
3015,51,542,2
3016,59,542,3
3017,61,542,3
3018,72,542,2
3019,73,542,4
3020,74,542,4
3021,75,542,6
3022,76,542,4
3023,77,542,2
3024,78,542,4
3025,79,542,1
3026,97,542,5
3027,150,542,3
3028,179,542,1
3029,182,542,5
3030,202,542,11
3031,219,542,9
3032,240,542,1
3033,250,542,5
3034,263,542,1
3035,309,542,1
3036,351,542,5
3037,362,542,1
3038,365,542,1
3039,367,542,4
3040,372,542,4
3041,373,542,4
3042,378,542,4
3043,381,542,4
3044,387,542,4
3045,390,542,6
3046,393,542,4
3047,397,542,4
3048,400,542,1
3049,403,542,5
3050,482,542,5
3051,490,542,2
3052,497,542,1
3053,513,542,6
3054,20,543,1
3055,36,543,6
3056,48,543,4
3057,51,543,3
3058,59,543,3
3059,60,543,2
3060,61,543,3
3061,97,543,2
3062,150,543,3
3063,178,543,1
3064,179,543,3
3065,182,543,3
3066,201,543,2
3067,202,543,1
3068,209,543,1
3069,216,543,1
3070,250,543,3
3071,295,543,3
3072,302,543,3
3073,309,543,3
3074,325,543,1
3075,351,543,1
3076,365,543,4
3077,372,543,1
3078,373,543,1
3079,378,543,2
3080,380,543,2
3081,381,543,1
3082,384,543,1
3083,390,543,1
3084,393,543,4
3085,397,543,2
3086,479,543,1
3087,481,543,3
3088,482,543,3
3089,484,543,3
3090,497,543,3
3091,513,543,1
3092,229,544,3
3093,339,544,1
3094,114,545,1
3095,174,545,1
3096,177,545,1
3097,206,545,1
3098,296,545,1
3099,376,545,1
3100,423,545,1
3101,425,545,2
3102,432,545,1
3103,523,545,1
3104,331,546,1
3105,361,546,17
3106,224,547,1
3107,8,549,8
3108,439,549,1
3109,14,550,6
3110,23,550,5
3111,50,550,6
3112,161,550,5
3113,244,550,5
3114,336,550,6
3115,353,550,3
3116,356,550,4
3117,362,550,8
3118,377,550,3
3119,345,551,5
3120,7,552,1
3121,191,552,1
3122,297,552,1
3123,380,552,1
3124,503,552,1
3125,20,553,2
3126,33,553,1
3127,157,553,1
3128,202,553,1
3129,219,553,2
3130,240,553,1
3131,312,553,4
3132,351,553,1
3133,490,553,10
3134,513,553,1
3135,542,553,1
3136,1,554,1
3137,33,554,1
3138,36,554,1
3139,148,554,1
3140,149,554,1
3141,150,554,1
3142,151,554,1
3143,152,554,1
3144,153,554,1
3145,154,554,1
3146,157,554,1
3147,158,554,2
3148,159,554,1
3149,161,554,1
3150,162,554,1
3151,165,554,1
3152,166,554,1
3153,167,554,1
3154,168,554,1
3155,172,554,1
3156,180,554,1
3157,182,554,1
3158,184,554,1
3159,188,554,1
3160,202,554,1
3161,219,554,2
3162,235,554,1
3163,240,554,1
3164,295,554,1
3165,309,554,1
3166,325,554,2
3167,327,554,1
3168,346,554,1
3169,351,554,1
3170,356,554,1
3171,359,554,1
3172,367,554,1
3173,371,554,1
3174,372,554,1
3175,373,554,1
3176,378,554,1
3177,381,554,1
3178,382,554,1
3179,386,554,1
3180,387,554,1
3181,390,554,1
3182,391,554,1
3183,397,554,1
3184,400,554,1
3185,403,554,1
3186,404,554,1
3187,475,554,1
3188,490,554,10
3189,513,554,1
3190,542,554,1
3191,553,554,5
3192,1,555,3
3193,20,555,2
3194,33,555,1
3195,148,555,3
3196,151,555,1
3197,157,555,1
3198,161,555,1
3199,164,555,1
3200,165,555,1
3201,167,555,1
3202,180,555,1
3203,181,555,3
3204,184,555,1
3205,202,555,1
3206,219,555,2
3207,235,555,1
3208,240,555,1
3209,351,555,1
3210,372,555,1
3211,373,555,1
3212,397,555,1
3213,400,555,1
3214,403,555,1
3215,490,555,5
3216,513,555,1
3217,542,555,1
3218,553,555,5
3219,554,555,5
3220,539,556,18
3221,257,557,82
3222,66,558,3
3223,20,559,4
3224,33,559,1
3225,36,559,1
3226,48,559,1
3227,51,559,3
3228,59,559,5
3229,61,559,3
3230,72,559,1
3231,73,559,5
3232,74,559,5
3233,75,559,19
3234,76,559,5
3235,77,559,3
3236,78,559,5
3237,79,559,1
3238,97,559,19
3239,150,559,2
3240,157,559,1
3241,168,559,2
3242,179,559,3
3243,182,559,8
3244,202,559,6
3245,207,559,1
3246,219,559,19
3247,240,559,1
3248,250,559,5
3249,253,559,2
3250,262,559,1
3251,263,559,1
3252,295,559,2
3253,309,559,1
3254,346,559,1
3255,351,559,4
3256,356,559,2
3257,359,559,3
3258,362,559,1
3259,367,559,19
3260,372,559,20
3261,373,559,20
3262,378,559,23
3263,381,559,18
3264,387,559,18
3265,390,559,22
3266,393,559,5
3267,397,559,19
3268,403,559,22
3269,482,559,6
3270,484,559,1
3271,490,559,5
3272,497,559,2
3273,503,559,1
3274,513,559,4
3275,542,559,7
3276,553,559,6
3277,554,559,5
3278,555,559,11
3279,53,560,1
3280,54,560,1
3281,323,560,2
3282,336,560,1
3283,384,560,68
3284,1,561,1
3285,20,561,2
3286,33,561,1
3287,37,561,1
3288,148,561,2
3289,150,561,2
3290,151,561,1
3291,153,561,1
3292,157,561,1
3293,158,561,1
3294,161,561,1
3295,164,561,2
3296,165,561,1
3297,167,561,2
3298,179,561,1
3299,184,561,1
3300,202,561,1
3301,219,561,1
3302,235,561,1
3303,240,561,1
3304,250,561,1
3305,270,561,1
3306,351,561,1
3307,359,561,1
3308,386,561,1
3309,490,561,5
3310,513,561,1
3311,542,561,1
3312,553,561,6
3313,554,561,5
3314,555,561,6
3315,559,561,11
3316,14,562,1
3317,20,563,1
3318,33,563,1
3319,202,563,1
3320,219,563,1
3321,240,563,1
3322,346,563,1
3323,351,563,2
3324,356,563,2
3325,359,563,3
3326,362,563,1
3327,490,563,5
3328,513,563,1
3329,542,563,1
3330,553,563,6
3331,554,563,5
3332,555,563,5
3333,559,563,7
3334,561,563,6
3335,10,564,1
3336,14,565,4
3337,23,565,4
3338,50,565,4
3339,161,565,4
3340,244,565,4
3341,336,565,4
3342,353,565,3
3343,356,565,4
3344,362,565,4
3345,380,565,1
3346,459,565,4
3347,476,565,1
3348,477,565,2
3349,478,565,1
3350,503,565,1
3351,550,565,4
3352,324,566,1
3353,383,566,3
3354,466,566,1
3355,507,566,1
3356,1,567,2
3357,46,567,1
3358,148,567,2
3359,149,567,2
3360,151,567,3
3361,152,567,1
3362,153,567,1
3363,154,567,2
3364,157,567,2
3365,158,567,2
3366,159,567,2
3367,161,567,3
3368,162,567,2
3369,164,567,3
3370,165,567,3
3371,166,567,2
3372,167,567,3
3373,168,567,2
3374,180,567,4
3375,184,567,3
3376,210,567,6
3377,235,567,3
3378,262,567,1
3379,295,567,1
3380,356,567,1
3381,359,567,1
3382,371,567,1
3383,372,567,1
3384,386,567,1
3385,390,567,1
3386,397,567,1
3387,490,567,1
3388,555,567,1
3389,561,567,1
3390,500,568,3
3391,1,569,4
3392,148,569,4
3393,149,569,2
3394,151,569,4
3395,152,569,2
3396,153,569,2
3397,154,569,2
3398,157,569,2
3399,158,569,2
3400,159,569,2
3401,161,569,5
3402,162,569,1
3403,164,569,3
3404,165,569,3
3405,166,569,2
3406,167,569,3
3407,168,569,1
3408,180,569,3
3409,184,569,4
3410,219,569,1
3411,235,569,4
3412,295,569,1
3413,371,569,1
3414,372,569,1
3415,382,569,1
3416,386,569,1
3417,387,569,1
3418,390,569,1
3419,391,569,1
3420,400,569,1
3421,479,569,1
3422,490,569,1
3423,554,569,2
3424,555,569,2
3425,561,569,1
3426,567,569,3
3427,1,570,5
3428,148,570,5
3429,149,570,2
3430,151,570,4
3431,152,570,2
3432,153,570,1
3433,154,570,2
3434,157,570,1
3435,158,570,2
3436,159,570,2
3437,161,570,3
3438,162,570,2
3439,164,570,3
3440,165,570,40
3441,166,570,2
3442,167,570,2
3443,168,570,2
3444,180,570,3
3445,184,570,3
3446,235,570,3
3447,250,570,1
3448,253,570,1
3449,295,570,1
3450,346,570,1
3451,356,570,1
3452,367,570,1
3453,371,570,1
3454,372,570,1
3455,373,570,1
3456,381,570,1
3457,382,570,1
3458,387,570,1
3459,391,570,1
3460,400,570,1
3461,403,570,1
3462,490,570,1
3463,554,570,1
3464,555,570,1
3465,561,570,2
3466,567,570,3
3467,569,570,3
3468,1,571,1
3469,58,571,1
3470,148,571,3
3471,149,571,2
3472,151,571,2
3473,152,571,1
3474,153,571,1
3475,154,571,1
3476,157,571,2
3477,158,571,1
3478,159,571,2
3479,161,571,3
3480,162,571,1
3481,164,571,3
3482,165,571,3
3483,166,571,1
3484,167,571,3
3485,168,571,2
3486,180,571,3
3487,184,571,2
3488,219,571,1
3489,235,571,2
3490,335,571,1
3491,346,571,1
3492,365,571,28
3493,367,571,1
3494,371,571,1
3495,372,571,1
3496,373,571,1
3497,378,571,2
3498,381,571,1
3499,382,571,1
3500,386,571,1
3501,387,571,1
3502,390,571,1
3503,391,571,1
3504,397,571,1
3505,400,571,1
3506,403,571,1
3507,490,571,1
3508,531,571,1
3509,543,571,1
3510,554,571,1
3511,555,571,1
3512,561,571,1
3513,567,571,2
3514,569,571,4
3515,570,571,2
3516,24,572,1
3517,45,572,1
3518,46,572,1
3519,49,572,1
3520,53,572,2
3521,54,572,1
3522,323,572,4
3523,415,572,1
3524,487,572,3
3525,5,573,34
3526,427,573,3
3527,520,573,15
3528,290,574,1
3529,507,574,20
3530,1,575,1
3531,148,575,2
3532,149,575,2
3533,151,575,2
3534,152,575,2
3535,153,575,2
3536,154,575,2
3537,156,575,1
3538,157,575,2
3539,158,575,2
3540,159,575,1
3541,161,575,2
3542,162,575,2
3543,164,575,2
3544,165,575,2
3545,166,575,2
3546,167,575,2
3547,168,575,2
3548,180,575,2
3549,184,575,2
3550,219,575,1
3551,235,575,2
3552,262,575,1
3553,263,575,1
3554,356,575,1
3555,371,575,1
3556,372,575,1
3557,373,575,1
3558,381,575,1
3559,382,575,1
3560,386,575,1
3561,387,575,1
3562,390,575,1
3563,397,575,1
3564,400,575,1
3565,403,575,1
3566,513,575,1
3567,554,575,1
3568,567,575,3
3569,569,575,2
3570,570,575,2
3571,571,575,2
3572,10,576,1
3573,204,576,2
3574,210,576,5
3575,567,576,4
3576,1,577,2
3577,20,577,1
3578,131,577,1
3579,132,577,1
3580,148,577,2
3581,149,577,2
3582,151,577,1
3583,152,577,2
3584,153,577,1
3585,154,577,2
3586,157,577,1
3587,158,577,2
3588,159,577,2
3589,161,577,1
3590,162,577,1
3591,164,577,2
3592,165,577,2
3593,166,577,1
3594,167,577,2
3595,168,577,2
3596,180,577,1
3597,184,577,2
3598,235,577,3
3599,324,577,53
3600,346,577,1
3601,367,577,1
3602,382,577,1
3603,387,577,1
3604,391,577,1
3605,400,577,1
3606,402,577,1
3607,403,577,1
3608,466,577,2
3609,554,577,1
3610,567,577,1
3611,569,577,2
3612,570,577,3
3613,571,577,1
3614,575,577,1
3615,28,578,2
3616,474,578,2
3617,1,579,1
3618,60,579,1
3619,148,579,2
3620,149,579,2
3621,151,579,2
3622,152,579,2
3623,153,579,46
3624,154,579,1
3625,157,579,1
3626,158,579,1
3627,159,579,2
3628,161,579,2
3629,162,579,1
3630,164,579,2
3631,165,579,2
3632,166,579,2
3633,167,579,2
3634,168,579,2
3635,179,579,1
3636,180,579,2
3637,184,579,2
3638,235,579,2
3639,254,579,22
3640,346,579,1
3641,382,579,1
3642,387,579,1
3643,390,579,1
3644,403,579,1
3645,567,579,1
3646,569,579,2
3647,570,579,2
3648,571,579,2
3649,575,579,2
3650,577,579,2
3651,537,580,30
3652,81,581,29
3653,181,581,2
3654,460,581,1
3655,42,583,23
3656,474,584,1
3657,48,585,1
3658,60,585,1
3659,61,585,1
3660,97,585,1
3661,179,585,1
3662,182,585,1
3663,203,585,1
3664,271,585,2
3665,302,585,1
3666,365,585,1
3667,393,585,1
3668,480,585,4
3669,482,585,1
3670,484,585,2
3671,497,585,2
3672,543,585,1
3673,2,586,2
3674,6,586,1
3675,85,586,1
3676,111,586,1
3677,291,586,2
3678,307,586,2
3679,524,586,4
3680,352,587,4
3681,504,587,7
3682,1,588,1
3683,33,588,4
3684,48,588,8
3685,51,588,1
3686,59,588,1
3687,61,588,2
3688,72,588,10
3689,73,588,2
3690,74,588,2
3691,75,588,1
3692,76,588,2
3693,77,588,9
3694,78,588,3
3695,79,588,1
3696,97,588,1
3697,100,588,1
3698,150,588,2
3699,179,588,1
3700,182,588,2
3701,185,588,1
3702,202,588,5
3703,207,588,1
3704,219,588,3
3705,240,588,6
3706,250,588,1
3707,263,588,1
3708,295,588,1
3709,309,588,2
3710,325,588,1
3711,346,588,1
3712,351,588,20
3713,359,588,1
3714,365,588,1
3715,381,588,1
3716,387,588,1
3717,403,588,1
3718,457,588,1
3719,482,588,2
3720,490,588,1
3721,497,588,1
3722,513,588,10
3723,542,588,3
3724,543,588,1
3725,553,588,1
3726,554,588,1
3727,555,588,2
3728,559,588,3
3729,561,588,1
3730,563,588,1
3731,345,589,1
3732,395,589,10
3733,396,589,1
3734,570,590,2
3735,33,591,3
3736,48,591,6
3737,51,591,1
3738,61,591,1
3739,72,591,4
3740,73,591,1
3741,76,591,1
3742,77,591,6
3743,78,591,2
3744,79,591,2
3745,97,591,1
3746,100,591,1
3747,150,591,2
3748,179,591,2
3749,182,591,2
3750,202,591,6
3751,207,591,1
3752,219,591,2
3753,240,591,6
3754,250,591,1
3755,295,591,1
3756,327,591,1
3757,351,591,18
3758,365,591,1
3759,373,591,1
3760,381,591,1
3761,387,591,1
3762,390,591,1
3763,403,591,1
3764,457,591,1
3765,482,591,1
3766,490,591,1
3767,497,591,1
3768,513,591,12
3769,542,591,6
3770,543,591,1
3771,559,591,1
3772,561,591,1
3773,588,591,22
3774,341,592,14
3775,350,592,1
3776,14,593,4
3777,23,593,4
3778,50,593,4
3779,161,593,4
3780,244,593,4
3781,336,593,4
3782,353,593,3
3783,356,593,4
3784,362,593,4
3785,550,593,4
3786,565,593,4
3787,41,594,53
3788,464,595,4
3789,500,595,1
3790,33,596,1
3791,150,596,1
3792,202,596,1
3793,240,596,6
3794,325,596,1
3795,346,596,1
3796,351,596,7
3797,356,596,1
3798,382,596,1
3799,490,596,1
3800,513,596,6
3801,542,596,1
3802,553,596,1
3803,554,596,2
3804,555,596,1
3805,559,596,1
3806,561,596,2
3807,563,596,1
3808,588,596,10
3809,591,596,7
3810,10,597,1
3811,333,598,1
3812,420,599,15
3813,582,600,44
3814,360,601,1
3815,271,602,1
3816,344,602,1
3817,440,602,44
3818,585,602,1
3819,4,603,1
3820,64,603,1
3821,183,603,1
3822,375,603,1
3823,426,603,5
3824,523,603,1
3825,5,604,34
3826,427,604,6
3827,520,604,9
3828,573,604,87
3829,86,605,2
3830,1,606,1
3831,20,606,1
3832,51,606,1
3833,59,606,1
3834,61,606,1
3835,72,606,1
3836,73,606,2
3837,76,606,3
3838,77,606,1
3839,79,606,1
3840,179,606,1
3841,219,606,1
3842,253,606,1
3843,262,606,1
3844,263,606,1
3845,295,606,1
3846,321,606,17
3847,346,606,2
3848,356,606,2
3849,359,606,1
3850,362,606,2
3851,367,606,4
3852,372,606,1
3853,378,606,5
3854,381,606,1
3855,387,606,1
3856,390,606,1
3857,397,606,2
3858,457,606,1
3859,493,606,2
3860,497,606,1
3861,588,606,1
3862,58,607,3
3863,83,607,5
3864,86,607,46
3865,605,607,1
3866,211,608,46
3867,20,609,1
3868,186,609,1
3869,231,609,1
3870,261,609,20
3871,265,609,3
3872,269,609,1
3873,442,609,1
3874,441,610,1
3875,65,612,15
3876,1,613,1
3877,58,613,5
3878,83,613,6
3879,86,613,43
3880,579,613,1
3881,605,613,2
3882,607,613,31
3883,72,614,1
3884,75,614,4
3885,79,614,1
3886,97,614,1
3887,100,614,23
3888,141,614,3
3889,172,614,5
3890,180,614,1
3891,182,614,1
3892,185,614,29
3893,188,614,5
3894,205,614,3
3895,207,614,39
3896,212,614,1
3897,213,614,2
3898,219,614,1
3899,235,614,1
3900,253,614,4
3901,262,614,3
3902,263,614,4
3903,295,614,11
3904,309,614,1
3905,351,614,1
3906,367,614,11
3907,371,614,1
3908,372,614,2
3909,373,614,3
3910,378,614,5
3911,379,614,1
3912,381,614,3
3913,382,614,1
3914,386,614,1
3915,387,614,7
3916,390,614,2
3917,391,614,1
3918,393,614,1
3919,397,614,3
3920,400,614,1
3921,403,614,3
3922,404,614,5
3923,457,614,33
3924,513,614,1
3925,542,614,1
3926,559,614,1
3927,591,614,1
3928,142,615,94
3929,471,615,4
3930,150,616,1
3931,181,616,2
3932,448,616,1
3933,20,617,2
3934,33,617,1
3935,36,617,1
3936,48,617,2
3937,51,617,2
3938,59,617,4
3939,61,617,3
3940,72,617,2
3941,73,617,5
3942,74,617,5
3943,75,617,20
3944,76,617,4
3945,77,617,3
3946,78,617,5
3947,79,617,2
3948,97,617,21
3949,150,617,3
3950,151,617,1
3951,152,617,1
3952,179,617,2
3953,182,617,13
3954,202,617,4
3955,207,617,2
3956,209,617,1
3957,219,617,20
3958,240,617,1
3959,250,617,5
3960,253,617,2
3961,262,617,1
3962,263,617,1
3963,295,617,1
3964,321,617,2
3965,346,617,3
3966,351,617,2
3967,356,617,3
3968,359,617,1
3969,362,617,2
3970,367,617,16
3971,372,617,19
3972,373,617,16
3973,378,617,20
3974,381,617,20
3975,387,617,18
3976,390,617,24
3977,393,617,4
3978,397,617,21
3979,403,617,22
3980,482,617,6
3981,484,617,1
3982,497,617,2
3983,503,617,1
3984,513,617,2
3985,542,617,7
3986,559,617,24
3987,563,617,1
3988,579,617,1
3989,588,617,1
3990,591,617,2
3991,603,617,4
3992,606,617,2
3993,614,617,2
3994,124,618,7
3995,294,618,1
3996,460,618,1
3997,88,619,7
3998,227,619,5
3999,448,619,17
4000,14,620,6
4001,23,620,5
4002,50,620,6
4003,161,620,5
4004,244,620,5
4005,336,620,6
4006,353,620,3
4007,356,620,4
4008,362,620,8
4009,550,620,6
4010,565,620,4
4011,593,620,4
4012,9,621,1
4013,501,621,9
4014,14,622,4
4015,20,622,1
4016,23,622,4
4017,33,622,1
4018,50,622,6
4019,93,622,1
4020,148,622,2
4021,159,622,1
4022,161,622,4
4023,180,622,1
4024,240,622,1
4025,244,622,4
4026,253,622,1
4027,255,622,1
4028,321,622,2
4029,336,622,4
4030,346,622,3
4031,353,622,3
4032,356,622,52
4033,359,622,1
4034,362,622,7
4035,550,622,4
4036,559,622,1
4037,561,622,1
4038,563,622,2
4039,565,622,4
4040,567,622,1
4041,588,622,1
4042,593,622,4
4043,596,622,1
4044,606,622,2
4045,617,622,3
4046,620,622,4
4047,150,623,1
4048,181,623,3
4049,437,623,67
4050,460,623,1
4051,609,623,2
4052,247,624,1
4053,208,625,1
4054,14,626,4
4055,20,626,3
4056,23,626,4
4057,48,626,2
4058,50,626,4
4059,51,626,4
4060,59,626,5
4061,61,626,3
4062,72,626,2
4063,73,626,4
4064,74,626,5
4065,75,626,8
4066,76,626,4
4067,77,626,3
4068,78,626,5
4069,79,626,2
4070,97,626,6
4071,154,626,1
4072,161,626,4
4073,164,626,2
4074,167,626,1
4075,179,626,3
4076,180,626,1
4077,182,626,11
4078,202,626,6
4079,219,626,8
4080,244,626,4
4081,250,626,7
4082,262,626,1
4083,276,626,1
4084,309,626,1
4085,321,626,2
4086,336,626,4
4087,346,626,2
4088,351,626,1
4089,353,626,3
4090,356,626,5
4091,359,626,1
4092,362,626,6
4093,367,626,6
4094,372,626,7
4095,373,626,6
4096,378,626,6
4097,381,626,6
4098,387,626,6
4099,390,626,10
4100,393,626,4
4101,397,626,5
4102,403,626,9
4103,457,626,1
4104,481,626,1
4105,482,626,6
4106,490,626,1
4107,497,626,3
4108,513,626,2
4109,542,626,5
4110,550,626,4
4111,553,626,1
4112,554,626,1
4113,559,626,11
4114,561,626,1
4115,563,626,2
4116,565,626,4
4117,575,626,1
4118,588,626,1
4119,591,626,2
4120,593,626,4
4121,596,626,1
4122,606,626,1
4123,614,626,1
4124,617,626,10
4125,620,626,4
4126,622,626,8
4127,81,628,2
4128,150,628,3
4129,181,628,9
4130,199,628,3
4131,210,628,2
4132,256,628,3
4133,348,628,3
4134,373,628,2
4135,379,628,2
4136,437,628,3
4137,460,628,2
4138,555,628,3
4139,581,628,2
4140,616,628,2
4141,623,628,3
4142,19,629,1
4143,256,629,2
4144,144,631,48
4145,270,631,6
4146,277,631,1
4147,467,631,1
4148,175,632,115
4149,463,633,1
4150,522,634,14
4151,69,635,2
4152,181,635,1
4153,280,635,1
4154,348,635,1
4155,401,635,1
4156,402,635,1
4157,437,635,1
4158,555,635,1
4159,623,635,1
4160,636,637,2
4161,295,638,1
4162,33,639,2
4163,48,639,3
4164,51,639,1
4165,59,639,1
4166,72,639,4
4167,75,639,1
4168,76,639,2
4169,77,639,4
4170,79,639,4
4171,150,639,3
4172,182,639,1
4173,185,639,1
4174,202,639,4
4175,207,639,1
4176,240,639,6
4177,262,639,1
4178,276,639,1
4179,295,639,1
4180,351,639,19
4181,362,639,1
4182,365,639,1
4183,436,639,2
4184,457,639,1
4185,490,639,2
4186,497,639,1
4187,513,639,24
4188,542,639,3
4189,543,639,1
4190,553,639,1
4191,555,639,1
4192,559,639,2
4193,561,639,2
4194,588,639,18
4195,591,639,17
4196,596,639,7
4197,606,639,1
4198,614,639,1
4199,617,639,2
4200,622,639,1
4201,626,639,1
4202,33,640,2
4203,48,640,4
4204,51,640,1
4205,59,640,1
4206,72,640,3
4207,73,640,1
4208,75,640,1
4209,76,640,1
4210,77,640,3
4211,79,640,1
4212,150,640,3
4213,164,640,1
4214,179,640,1
4215,202,640,2
4216,207,640,2
4217,219,640,2
4218,240,640,6
4219,250,640,1
4220,295,640,2
4221,321,640,1
4222,325,640,1
4223,327,640,1
4224,351,640,15
4225,365,640,1
4226,387,640,1
4227,397,640,1
4228,457,640,1
4229,482,640,1
4230,490,640,2
4231,497,640,1
4232,513,640,11
4233,542,640,3
4234,543,640,2
4235,553,640,1
4236,554,640,2
4237,555,640,1
4238,559,640,2
4239,561,640,2
4240,563,640,1
4241,588,640,14
4242,591,640,13
4243,596,640,6
4244,614,640,1
4245,639,640,13
4246,41,641,9
4247,594,641,6
4248,40,642,2
4249,102,642,6
4250,111,642,5
4251,112,642,5
4252,116,642,10
4253,120,642,5
4254,121,642,10
4255,123,642,10
4256,127,642,1
4257,128,642,5
4258,134,642,1
4259,135,642,9
4260,136,642,6
4261,138,642,10
4262,139,642,5
4263,140,642,10
4264,146,642,10
4265,147,642,7
4266,194,642,7
4267,286,642,8
4268,287,642,11
4269,292,642,10
4270,298,642,4
4271,306,642,9
4272,307,642,5
4273,308,642,5
4274,314,642,5
4275,318,642,5
4276,407,642,1
4277,413,642,10
4278,484,642,9
4279,525,642,5
4280,368,643,167
4281,611,644,136
4282,32,645,9
4283,189,645,9
4284,349,645,6
4285,7,646,5
4286,118,646,3
4287,254,646,1
4288,295,646,1
4289,4,647,1
4290,98,647,1
4291,243,647,1
4292,301,647,1
4293,428,647,8
4294,431,647,3
4295,432,647,1
4296,458,647,7
4297,18,648,1
4298,22,648,3
4299,243,648,4
4300,524,648,1
4301,243,650,1
4302,535,650,88
4303,509,651,72
4304,22,653,2
4305,98,653,1
4306,111,653,1
4307,163,653,1
4308,186,653,1
4309,225,653,1
4310,243,653,10
4311,284,653,1
4312,290,653,1
4313,456,653,1
4314,648,653,7
4315,649,653,1
4316,22,654,2
4317,98,654,1
4318,243,654,5
4319,648,654,10
4320,653,654,9
4321,649,656,9
4322,170,657,28
4323,18,658,1
4324,67,658,3
4325,98,658,6
4326,301,658,1
4327,428,658,4
4328,431,658,2
4329,432,658,3
4330,458,658,8
4331,647,658,7
4332,18,659,6
4333,67,659,1
4334,98,659,6
4335,243,659,1
4336,301,659,9
4337,426,659,1
4338,431,659,4
4339,432,659,5
4340,458,659,2
4341,491,659,4
4342,514,659,1
4343,647,659,3
4344,658,659,8
4345,82,660,8
4346,402,660,3
4347,545,660,3
4348,14,661,5
4349,23,661,5
4350,50,661,4
4351,161,661,5
4352,244,661,5
4353,336,661,5
4354,353,661,3
4355,356,661,4
4356,362,661,10
4357,550,661,5
4358,565,661,4
4359,593,661,4
4360,620,661,5
4361,622,661,4
4362,626,661,4
4363,12,663,1
4364,15,663,2
4365,68,664,1
4366,156,664,1
4367,150,665,2
4368,181,665,3
4369,311,665,1
4370,340,665,1
4371,628,665,3
4372,328,666,5
4373,342,666,2
4374,662,666,13
4375,150,667,2
4376,156,667,1
4377,150,668,1
4378,181,668,5
4379,251,668,32
4380,628,668,6
4381,18,669,5
4382,67,669,1
4383,98,669,2
4384,398,669,1
4385,431,669,1
4386,653,669,1
4387,659,669,1
4388,18,670,3
4389,67,670,1
4390,98,670,6
4391,173,670,19
4392,243,670,1
4393,301,670,2
4394,354,670,1
4395,428,670,4
4396,432,670,4
4397,458,670,5
4398,535,670,1
4399,614,670,1
4400,647,670,2
4401,650,670,1
4402,654,670,1
4403,658,670,6
4404,659,670,9
4405,669,670,3
4406,33,671,3
4407,48,671,4
4408,51,671,1
4409,59,671,1
4410,72,671,2
4411,73,671,1
4412,75,671,1
4413,77,671,3
4414,78,671,1
4415,79,671,2
4416,150,671,3
4417,167,671,1
4418,182,671,1
4419,185,671,1
4420,202,671,3
4421,207,671,2
4422,219,671,1
4423,240,671,6
4424,250,671,1
4425,253,671,1
4426,262,671,1
4427,263,671,1
4428,295,671,1
4429,351,671,13
4430,359,671,1
4431,362,671,1
4432,365,671,2
4433,436,671,4
4434,457,671,1
4435,482,671,1
4436,490,671,2
4437,513,671,14
4438,542,671,4
4439,543,671,1
4440,553,671,1
4441,554,671,1
4442,555,671,1
4443,559,671,3
4444,561,671,1
4445,563,671,1
4446,588,671,16
4447,591,671,9
4448,596,671,6
4449,614,671,1
4450,617,671,2
4451,622,671,1
4452,626,671,1
4453,639,671,16
4454,640,671,11
4455,177,672,3
4456,319,672,3
4457,19,673,1
4458,433,673,4
4459,40,674,2
4460,102,674,5
4461,111,674,10
4462,112,674,5
4463,116,674,5
4464,120,674,5
4465,121,674,5
4466,123,674,5
4467,127,674,1
4468,128,674,5
4469,135,674,7
4470,136,674,5
4471,138,674,5
4472,139,674,5
4473,140,674,5
4474,146,674,5
4475,147,674,7
4476,194,674,7
4477,286,674,5
4478,287,674,5
4479,292,674,5
4480,306,674,5
4481,307,674,5
4482,308,674,5
4483,314,674,11
4484,318,674,5
4485,407,674,2
4486,413,674,5
4487,484,674,5
4488,525,674,5
4489,642,674,5
4490,4,675,4
4491,135,675,1
4492,136,675,1
4493,139,675,1
4494,177,675,1
4495,209,675,10
4496,233,675,3
4497,304,675,1
4498,307,675,1
4499,375,675,1
4500,434,675,1
4501,438,675,3
4502,450,675,1
4503,484,675,1
4504,515,675,1
4505,12,676,1
4506,433,676,3
4507,673,676,78
4508,89,677,2
4509,503,678,1
4510,552,678,1
4511,652,679,48
4512,1,680,1
4513,20,680,1
4514,28,680,18
4515,33,680,1
4516,60,680,1
4517,157,680,1
4518,178,680,1
4519,180,680,1
4520,263,680,1
4521,276,680,88
4522,294,680,1
4523,295,680,3
4524,302,680,2
4525,309,680,1
4526,325,680,3
4527,327,680,3
4528,365,680,1
4529,393,680,2
4530,543,680,1
4531,626,680,1
4532,1,681,1
4533,20,681,1
4534,28,681,1
4535,33,681,1
4536,36,681,4
4537,48,681,2
4538,51,681,4
4539,59,681,3
4540,60,681,15
4541,61,681,2
4542,78,681,1
4543,97,681,5
4544,143,681,74
4545,150,681,5
4546,179,681,1
4547,181,681,4
4548,182,681,3
4549,199,681,1
4550,202,681,1
4551,207,681,2
4552,209,681,2
4553,210,681,1
4554,216,681,2
4555,219,681,1
4556,250,681,3
4557,256,681,1
4558,276,681,1
4559,295,681,3
4560,302,681,4
4561,309,681,2
4562,325,681,2
4563,327,681,2
4564,348,681,1
4565,351,681,1
4566,365,681,4
4567,367,681,2
4568,372,681,1
4569,373,681,2
4570,378,681,1
4571,381,681,1
4572,384,681,1
4573,387,681,1
4574,390,681,2
4575,393,681,4
4576,397,681,3
4577,437,681,1
4578,479,681,2
4579,481,681,2
4580,482,681,3
4581,484,681,4
4582,490,681,1
4583,493,681,1
4584,497,681,3
4585,513,681,1
4586,542,681,1
4587,543,681,4
4588,554,681,1
4589,555,681,2
4590,561,681,1
4591,581,681,1
4592,596,681,1
4593,616,681,1
4594,623,681,2
4595,628,681,2
4596,639,681,1
4597,665,681,2
4598,668,681,2
4599,680,681,1
4600,28,682,1
4601,246,682,1
4602,30,683,1
4603,32,683,3
4604,189,683,13
4605,192,683,1
4606,349,683,17
4607,645,683,3
4608,9,684,1
4609,10,684,4
4610,12,684,1
4611,37,684,1
4612,82,684,1
4613,181,684,1
4614,421,684,2
4615,441,684,1
4616,545,684,1
4617,1,685,2
4618,20,685,3
4619,48,685,1
4620,59,685,1
4621,72,685,1
4622,73,685,1
4623,74,685,3
4624,75,685,2
4625,76,685,1
4626,78,685,1
4627,79,685,1
4628,97,685,1
4629,148,685,1
4630,149,685,1
4631,150,685,6
4632,151,685,1
4633,154,685,1
4634,158,685,2
4635,162,685,1
4636,165,685,1
4637,172,685,1
4638,179,685,1
4639,180,685,1
4640,181,685,1
4641,188,685,1
4642,199,685,1
4643,207,685,5
4644,219,685,5
4645,240,685,1
4646,262,685,1
4647,263,685,1
4648,295,685,8
4649,302,685,2
4650,309,685,4
4651,325,685,2
4652,327,685,3
4653,347,685,4
4654,351,685,1
4655,356,685,1
4656,365,685,2
4657,367,685,5
4658,371,685,1
4659,372,685,3
4660,373,685,7
4661,378,685,3
4662,379,685,1
4663,380,685,5
4664,381,685,5
4665,382,685,1
4666,386,685,1
4667,387,685,2
4668,390,685,6
4669,391,685,1
4670,393,685,3
4671,397,685,6
4672,400,685,1
4673,403,685,4
4674,404,685,1
4675,433,685,1
4676,457,685,1
4677,460,685,3
4678,484,685,1
4679,490,685,1
4680,493,685,3
4681,513,685,1
4682,542,685,1
4683,543,685,2
4684,553,685,1
4685,554,685,2
4686,555,685,1
4687,559,685,3
4688,561,685,1
4689,563,685,2
4690,571,685,2
4691,577,685,1
4692,579,685,1
4693,588,685,2
4694,591,685,1
4695,596,685,1
4696,606,685,2
4697,614,685,2
4698,617,685,1
4699,626,685,1
4700,628,685,1
4701,639,685,2
4702,640,685,1
4703,665,685,1
4704,671,685,1
4705,681,685,3
4706,10,686,2
4707,76,686,5
4708,239,686,1
4709,295,686,1
4710,541,686,1
4711,565,686,4
4712,684,686,1
4713,7,687,1
4714,181,687,3
4715,311,687,1
4716,628,687,3
4717,665,687,57
4718,681,687,1
4719,337,688,7
4720,360,688,53
4721,601,688,1
4722,128,689,6
4723,462,689,6
4724,128,690,13
4725,427,690,1
4726,689,690,2
4727,417,691,80
4728,233,692,1
4729,329,692,2
4730,516,692,1
4731,112,693,1
4732,147,693,1
4733,255,693,1
4734,2,694,1
4735,64,694,83
4736,603,694,1
4737,20,695,1
4738,36,695,4
4739,48,695,6
4740,51,695,3
4741,59,695,3
4742,60,695,2
4743,61,695,3
4744,91,695,1
4745,97,695,3
4746,150,695,3
4747,178,695,1
4748,179,695,3
4749,182,695,3
4750,201,695,3
4751,209,695,1
4752,216,695,1
4753,250,695,3
4754,295,695,2
4755,299,695,1
4756,302,695,3
4757,325,695,1
4758,346,695,1
4759,351,695,2
4760,365,695,4
4761,372,695,1
4762,373,695,2
4763,378,695,1
4764,380,695,1
4765,381,695,1
4766,382,695,1
4767,384,695,1
4768,390,695,1
4769,393,695,3
4770,397,695,2
4771,400,695,1
4772,403,695,1
4773,479,695,1
4774,481,695,3
4775,482,695,3
4776,484,695,3
4777,497,695,3
4778,513,695,1
4779,542,695,1
4780,543,695,76
4781,588,695,1
4782,591,695,1
4783,639,695,1
4784,640,695,1
4785,671,695,2
4786,680,695,1
4787,681,695,4
4788,685,695,3
4789,1,696,2
4790,20,696,2
4791,33,696,4
4792,36,696,2
4793,51,696,1
4794,59,696,1
4795,61,696,1
4796,73,696,1
4797,74,696,2
4798,75,696,5
4799,76,696,1
4800,77,696,1
4801,78,696,1
4802,97,696,3
4803,100,696,3
4804,124,696,1
4805,150,696,22
4806,151,696,1
4807,161,696,1
4808,180,696,1
4809,182,696,1
4810,184,696,1
4811,185,696,3
4812,199,696,1
4813,202,696,4
4814,207,696,7
4815,219,696,6
4816,220,696,1
4817,235,696,1
4818,240,696,10
4819,250,696,1
4820,253,696,2
4821,262,696,1
4822,263,696,1
4823,276,696,1
4824,295,696,11
4825,309,696,2
4826,321,696,1
4827,327,696,2
4828,348,696,1
4829,351,696,7
4830,365,696,2
4831,367,696,10
4832,371,696,1
4833,372,696,7
4834,373,696,10
4835,378,696,6
4836,379,696,2
4837,381,696,7
4838,387,696,8
4839,390,696,9
4840,393,696,3
4841,397,696,8
4842,400,696,1
4843,403,696,7
4844,457,696,4
4845,460,696,1
4846,490,696,1
4847,493,696,1
4848,503,696,1
4849,513,696,7
4850,542,696,6
4851,543,696,2
4852,554,696,1
4853,555,696,2
4854,559,696,4
4855,561,696,2
4856,567,696,1
4857,571,696,1
4858,588,696,4
4859,591,696,6
4860,596,696,2
4861,606,696,1
4862,614,696,2
4863,617,696,3
4864,623,696,1
4865,626,696,2
4866,639,696,5
4867,640,696,3
4868,665,696,1
4869,671,696,5
4870,680,696,1
4871,681,696,3
4872,685,696,12
4873,695,696,3
4874,5,697,18
4875,44,697,2
4876,53,697,1
4877,162,697,1
4878,200,697,1
4879,427,697,1
4880,459,697,1
4881,469,697,1
4882,476,697,2
4883,477,697,1
4884,520,697,2
4885,565,697,3
4886,573,697,11
4887,604,697,10
4888,678,697,1
4889,1,698,2
4890,20,698,2
4891,33,698,1
4892,148,698,1
4893,151,698,1
4894,161,698,1
4895,164,698,1
4896,165,698,1
4897,167,698,1
4898,180,698,1
4899,184,698,1
4900,202,698,1
4901,219,698,1
4902,235,698,1
4903,240,698,1
4904,270,698,1
4905,351,698,1
4906,371,698,1
4907,490,698,10
4908,513,698,1
4909,542,698,1
4910,553,698,6
4911,554,698,5
4912,555,698,11
4913,559,698,5
4914,561,698,30
4915,563,698,11
4916,569,698,1
4917,570,698,1
4918,571,698,1
4919,591,698,1
4920,596,698,2
4921,639,698,1
4922,640,698,1
4923,671,698,1
4924,681,698,1
4925,685,698,1
4926,459,699,2
4927,678,699,32
4928,697,699,1
4929,421,700,1
4930,329,701,5
4931,692,701,69
4932,1,702,1
4933,20,702,2
4934,33,702,1
4935,36,702,1
4936,48,702,2
4937,51,702,2
4938,59,702,5
4939,61,702,3
4940,72,702,2
4941,73,702,5
4942,74,702,5
4943,75,702,23
4944,76,702,4
4945,77,702,3
4946,78,702,5
4947,79,702,1
4948,97,702,22
4949,150,702,2
4950,179,702,2
4951,182,702,12
4952,191,702,1
4953,202,702,6
4954,219,702,19
4955,240,702,1
4956,250,702,5
4957,253,702,5
4958,262,702,7
4959,263,702,1
4960,295,702,3
4961,321,702,1
4962,346,702,2
4963,351,702,5
4964,356,702,3
4965,359,702,3
4966,362,702,1
4967,367,702,21
4968,372,702,14
4969,373,702,15
4970,378,702,22
4971,381,702,14
4972,387,702,17
4973,390,702,25
4974,393,702,4
4975,397,702,14
4976,403,702,21
4977,481,702,1
4978,482,702,6
4979,490,702,10
4980,497,702,2
4981,513,702,3
4982,542,702,6
4983,553,702,11
4984,554,702,5
4985,555,702,11
4986,559,702,29
4987,561,702,11
4988,563,702,6
4989,588,702,2
4990,591,702,3
4991,596,702,1
4992,614,702,3
4993,617,702,21
4994,622,702,1
4995,626,702,12
4996,639,702,1
4997,640,702,1
4998,671,702,2
4999,681,702,1
5000,685,702,1
5001,696,702,1
5002,698,702,6
5003,177,703,1
5004,514,703,1
5005,566,704,1
5006,657,704,4
5007,9,705,1
5008,50,705,23
5009,53,705,1
5010,174,705,8
5011,30,706,2
5012,459,706,2
5013,477,706,1
5014,565,706,3
5015,95,707,24
5016,345,707,1
5017,380,707,1
5018,459,707,1
5019,464,707,1
5020,565,707,2
5021,334,708,17
5022,1,709,1
5023,20,709,2
5024,33,709,1
5025,148,709,1
5026,151,709,1
5027,154,709,1
5028,161,709,2
5029,164,709,1
5030,165,709,1
5031,167,709,1
5032,180,709,1
5033,184,709,1
5034,202,709,1
5035,219,709,2
5036,235,709,2
5037,240,709,1
5038,325,709,1
5039,351,709,1
5040,378,709,1
5041,386,709,1
5042,490,709,6
5043,513,709,1
5044,542,709,1
5045,553,709,6
5046,554,709,5
5047,555,709,12
5048,559,709,11
5049,561,709,12
5050,563,709,11
5051,567,709,1
5052,569,709,1
5053,570,709,1
5054,571,709,1
5055,588,709,1
5056,591,709,1
5057,596,709,2
5058,639,709,1
5059,640,709,2
5060,671,709,2
5061,685,709,1
5062,696,709,1
5063,698,709,7
5064,702,709,6
5065,66,710,64
5066,386,710,5
5067,558,710,4
5068,305,711,30
5069,625,712,63
5070,1,713,1
5071,20,713,2
5072,33,713,1
5073,148,713,1
5074,151,713,1
5075,154,713,1
5076,161,713,2
5077,164,713,1
5078,165,713,1
5079,167,713,1
5080,168,713,1
5081,180,713,2
5082,184,713,1
5083,202,713,1
5084,219,713,2
5085,235,713,1
5086,240,713,1
5087,295,713,1
5088,325,713,1
5089,351,713,1
5090,490,713,5
5091,513,713,1
5092,542,713,1
5093,553,713,10
5094,554,713,10
5095,555,713,6
5096,559,713,5
5097,561,713,6
5098,563,713,11
5099,567,713,1
5100,569,713,1
5101,570,713,1
5102,571,713,1
5103,588,713,1
5104,591,713,1
5105,596,713,1
5106,639,713,1
5107,640,713,1
5108,671,713,1
5109,681,713,1
5110,685,713,1
5111,696,713,1
5112,698,713,12
5113,702,713,6
5114,709,713,6
5115,230,714,42
5116,20,715,2
5117,33,715,1
5118,48,715,2
5119,51,715,2
5120,59,715,6
5121,61,715,3
5122,72,715,2
5123,73,715,4
5124,74,715,5
5125,75,715,23
5126,76,715,4
5127,77,715,3
5128,78,715,5
5129,79,715,1
5130,97,715,19
5131,150,715,1
5132,157,715,1
5133,168,715,1
5134,179,715,2
5135,182,715,8
5136,202,715,8
5137,219,715,21
5138,250,715,7
5139,253,715,6
5140,262,715,8
5141,263,715,1
5142,295,715,3
5143,309,715,1
5144,346,715,1
5145,351,715,3
5146,356,715,2
5147,359,715,1
5148,362,715,1
5149,367,715,22
5150,372,715,25
5151,373,715,26
5152,378,715,25
5153,381,715,25
5154,387,715,17
5155,390,715,14
5156,391,715,1
5157,393,715,6
5158,397,715,17
5159,403,715,24
5160,482,715,6
5161,484,715,1
5162,490,715,5
5163,497,715,2
5164,513,715,4
5165,542,715,8
5166,553,715,6
5167,554,715,5
5168,555,715,11
5169,559,715,34
5170,561,715,11
5171,563,715,6
5172,588,715,2
5173,591,715,1
5174,596,715,1
5175,606,715,2
5176,614,715,4
5177,617,715,28
5178,622,715,1
5179,626,715,16
5180,639,715,3
5181,640,715,1
5182,671,715,2
5183,681,715,1
5184,685,715,2
5185,696,715,3
5186,698,715,10
5187,702,715,35
5188,709,715,6
5189,713,715,11
5190,18,716,1
5191,80,716,1
5192,236,717,1
5193,528,717,19
5194,1,718,2
5195,20,718,4
5196,33,718,1
5197,36,718,2
5198,72,718,1
5199,73,718,1
5200,74,718,1
5201,75,718,1
5202,76,718,1
5203,77,718,1
5204,78,718,1
5205,79,718,1
5206,97,718,3
5207,157,718,1
5208,168,718,1
5209,179,718,1
5210,182,718,1
5211,202,718,1
5212,219,718,4
5213,240,718,1
5214,250,718,1
5215,253,718,1
5216,262,718,1
5217,321,718,1
5218,333,718,1
5219,346,718,3
5220,351,718,2
5221,356,718,2
5222,359,718,3
5223,362,718,1
5224,365,718,1
5225,367,718,2
5226,372,718,2
5227,373,718,2
5228,378,718,2
5229,381,718,2
5230,387,718,2
5231,390,718,2
5232,393,718,2
5233,397,718,2
5234,403,718,2
5235,481,718,2
5236,484,718,1
5237,490,718,5
5238,513,718,3
5239,542,718,1
5240,553,718,5
5241,554,718,10
5242,555,718,9
5243,559,718,8
5244,561,718,6
5245,563,718,10
5246,588,718,1
5247,591,718,1
5248,596,718,1
5249,606,718,1
5250,617,718,2
5251,622,718,1
5252,626,718,5
5253,640,718,1
5254,671,718,1
5255,681,718,1
5256,685,718,2
5257,695,718,1
5258,696,718,1
5259,698,718,6
5260,702,718,6
5261,709,718,10
5262,713,718,6
5263,715,718,7
5264,294,719,1
5265,98,720,2
5266,233,720,5
5267,423,720,1
5268,425,720,1
5269,502,720,1
5270,631,720,1
5271,641,720,1
5272,675,720,1
5273,694,720,1
5274,20,721,3
5275,33,721,1
5276,36,721,1
5277,48,721,2
5278,51,721,3
5279,59,721,4
5280,61,721,3
5281,72,721,2
5282,73,721,4
5283,74,721,5
5284,75,721,6
5285,76,721,4
5286,77,721,3
5287,78,721,5
5288,79,721,1
5289,97,721,5
5290,150,721,1
5291,179,721,2
5292,182,721,8
5293,202,721,6
5294,219,721,5
5295,240,721,1
5296,250,721,5
5297,321,721,1
5298,325,721,1
5299,346,721,2
5300,351,721,4
5301,356,721,1
5302,359,721,2
5303,362,721,1
5304,367,721,3
5305,372,721,4
5306,373,721,4
5307,378,721,4
5308,381,721,5
5309,387,721,4
5310,390,721,6
5311,391,721,1
5312,393,721,4
5313,397,721,4
5314,403,721,3
5315,481,721,1
5316,482,721,6
5317,484,721,1
5318,490,721,5
5319,497,721,2
5320,513,721,2
5321,542,721,7
5322,553,721,6
5323,554,721,5
5324,555,721,11
5325,559,721,19
5326,561,721,11
5327,563,721,6
5328,588,721,2
5329,596,721,1
5330,614,721,1
5331,617,721,6
5332,622,721,1
5333,626,721,10
5334,640,721,1
5335,671,721,2
5336,681,721,1
5337,685,721,1
5338,698,721,6
5339,702,721,18
5340,709,721,6
5341,713,721,6
5342,715,721,15
5343,718,721,8
5344,516,722,1
5345,548,722,8
5346,669,722,1
5347,1,723,1
5348,33,723,1
5349,48,723,1
5350,72,723,1
5351,77,723,1
5352,79,723,1
5353,100,723,161
5354,141,723,3
5355,148,723,1
5356,150,723,2
5357,161,723,1
5358,165,723,1
5359,167,723,1
5360,172,723,5
5361,180,723,1
5362,185,723,161
5363,188,723,5
5364,205,723,4
5365,207,723,46
5366,212,723,1
5367,213,723,4
5368,235,723,1
5369,240,723,1
5370,253,723,4
5371,262,723,3
5372,263,723,3
5373,276,723,1
5374,295,723,15
5375,327,723,1
5376,351,723,1
5377,359,723,1
5378,367,723,2
5379,371,723,2
5380,372,723,1
5381,373,723,2
5382,378,723,1
5383,379,723,14
5384,382,723,2
5385,386,723,1
5386,387,723,2
5387,390,723,2
5388,391,723,2
5389,397,723,1
5390,400,723,1
5391,403,723,1
5392,404,723,5
5393,457,723,161
5394,474,723,2
5395,513,723,1
5396,588,723,1
5397,591,723,1
5398,614,723,32
5399,639,723,1
5400,640,723,1
5401,671,723,1
5402,680,723,1
5403,696,723,3
5404,74,724,2
5405,20,725,1
5406,36,725,2
5407,48,725,1
5408,51,725,1
5409,59,725,1
5410,61,725,1
5411,72,725,1
5412,97,725,3
5413,148,725,1
5414,149,725,1
5415,150,725,1
5416,151,725,1
5417,152,725,1
5418,153,725,1
5419,154,725,1
5420,157,725,1
5421,158,725,1
5422,161,725,1
5423,162,725,1
5424,165,725,1
5425,166,725,1
5426,167,725,1
5427,168,725,2
5428,172,725,1
5429,179,725,1
5430,180,725,1
5431,182,725,2
5432,184,725,1
5433,188,725,1
5434,202,725,1
5435,219,725,3
5436,235,725,1
5437,250,725,1
5438,253,725,1
5439,256,725,1
5440,282,725,1
5441,295,725,1
5442,302,725,1
5443,309,725,1
5444,325,725,2
5445,327,725,1
5446,333,725,1
5447,351,725,1
5448,365,725,1
5449,367,725,3
5450,371,725,1
5451,372,725,4
5452,373,725,5
5453,378,725,4
5454,381,725,4
5455,382,725,1
5456,386,725,1
5457,387,725,3
5458,390,725,4
5459,391,725,1
5460,393,725,2
5461,397,725,6
5462,400,725,1
5463,403,725,3
5464,404,725,1
5465,481,725,4
5466,482,725,1
5467,484,725,1
5468,490,725,9
5469,497,725,1
5470,513,725,1
5471,542,725,1
5472,543,725,1
5473,553,725,10
5474,554,725,10
5475,555,725,10
5476,559,725,5
5477,561,725,5
5478,563,725,9
5479,567,725,1
5480,569,725,1
5481,570,725,1
5482,571,725,1
5483,575,725,1
5484,577,725,1
5485,579,725,1
5486,588,725,1
5487,596,725,1
5488,626,725,2
5489,639,725,1
5490,640,725,1
5491,671,725,1
5492,681,725,1
5493,685,725,5
5494,695,725,1
5495,696,725,3
5496,698,725,5
5497,702,725,6
5498,709,725,5
5499,713,725,10
5500,715,725,5
5501,718,725,12
5502,721,725,6
5503,38,726,4
5504,39,726,35
5505,57,726,1
5506,365,726,1
5507,18,728,2
5508,67,728,3
5509,98,728,6
5510,243,728,1
5511,428,728,10
5512,431,728,3
5513,432,728,6
5514,458,728,5
5515,529,728,1
5516,599,728,1
5517,658,728,7
5518,659,728,1
5519,669,728,1
5520,670,728,5
5521,14,729,4
5522,23,729,4
5523,50,729,4
5524,161,729,4
5525,244,729,4
5526,336,729,4
5527,353,729,3
5528,356,729,4
5529,362,729,4
5530,550,729,4
5531,565,729,4
5532,593,729,4
5533,620,729,4
5534,622,729,4
5535,626,729,4
5536,661,729,4
5537,1,730,1
5538,20,730,2
5539,33,730,1
5540,148,730,1
5541,150,730,1
5542,154,730,1
5543,161,730,1
5544,165,730,1
5545,167,730,1
5546,184,730,1
5547,202,730,1
5548,219,730,2
5549,240,730,1
5550,351,730,2
5551,490,730,10
5552,513,730,1
5553,542,730,1
5554,553,730,12
5555,554,730,10
5556,555,730,6
5557,559,730,11
5558,561,730,7
5559,563,730,6
5560,567,730,1
5561,569,730,1
5562,571,730,1
5563,588,730,1
5564,596,730,1
5565,640,730,1
5566,671,730,2
5567,681,730,1
5568,685,730,2
5569,696,730,1
5570,698,730,11
5571,702,730,11
5572,709,730,6
5573,713,730,11
5574,715,730,11
5575,718,730,5
5576,721,730,6
5577,725,730,10
5578,262,731,42
5579,87,732,1
5580,137,732,1
5581,156,732,1
5582,198,732,1
5583,274,732,2
5584,627,732,1
5585,727,733,13
5586,1,734,2
5587,20,734,2
5588,33,734,1
5589,148,734,2
5590,151,734,2
5591,157,734,1
5592,161,734,2
5593,164,734,1
5594,165,734,2
5595,167,734,1
5596,180,734,1
5597,184,734,1
5598,202,734,1
5599,219,734,2
5600,235,734,1
5601,240,734,1
5602,295,734,1
5603,301,734,1
5604,351,734,2
5605,386,734,1
5606,400,734,1
5607,490,734,6
5608,513,734,1
5609,542,734,1
5610,553,734,6
5611,554,734,10
5612,555,734,8
5613,559,734,6
5614,561,734,7
5615,563,734,6
5616,567,734,2
5617,569,734,2
5618,570,734,2
5619,571,734,2
5620,588,734,1
5621,591,734,1
5622,596,734,1
5623,639,734,1
5624,640,734,1
5625,671,734,1
5626,681,734,1
5627,685,734,1
5628,696,734,2
5629,698,734,6
5630,702,734,10
5631,709,734,6
5632,713,734,6
5633,715,734,6
5634,718,734,11
5635,721,734,11
5636,725,734,5
5637,730,734,12
5638,655,735,6
5639,30,736,1
5640,125,736,5
5641,189,736,2
5642,206,736,1
5643,349,736,2
5644,683,736,2
5645,68,737,1
5646,156,737,1
5647,535,737,11
5648,576,737,1
5649,650,737,15
5650,100,738,5
5651,150,738,1
5652,172,738,6
5653,185,738,5
5654,188,738,11
5655,207,738,5
5656,219,738,1
5657,235,738,1
5658,253,738,1
5659,262,738,1
5660,263,738,2
5661,295,738,2
5662,367,738,2
5663,371,738,2
5664,372,738,1
5665,373,738,2
5666,378,738,2
5667,381,738,1
5668,382,738,1
5669,386,738,1
5670,387,738,1
5671,390,738,1
5672,391,738,1
5673,397,738,1
5674,400,738,1
5675,403,738,2
5676,404,738,11
5677,457,738,5
5678,554,738,1
5679,614,738,5
5680,685,738,1
5681,723,738,5
5682,725,738,1
5683,26,739,3
5684,31,739,1
5685,177,740,1
5686,233,740,3
5687,294,740,1
5688,375,740,1
5689,425,740,1
5690,550,740,2
5691,603,740,1
5692,720,740,4
5693,65,741,2
5694,70,741,1
5695,9,742,5
5696,16,742,43
5697,82,742,14
5698,181,742,7
5699,402,742,11
5700,536,742,1
5701,660,742,7
5702,684,742,2
5703,20,743,2
5704,33,743,1
5705,157,743,1
5706,202,743,1
5707,219,743,2
5708,240,743,1
5709,312,743,3
5710,325,743,1
5711,351,743,1
5712,397,743,1
5713,403,743,1
5714,490,743,10
5715,513,743,1
5716,542,743,1
5717,553,743,24
5718,554,743,5
5719,555,743,11
5720,559,743,6
5721,561,743,11
5722,563,743,5
5723,588,743,1
5724,591,743,1
5725,596,743,2
5726,640,743,1
5727,671,743,1
5728,681,743,1
5729,685,743,1
5730,696,743,1
5731,698,743,10
5732,702,743,5
5733,709,743,11
5734,713,743,11
5735,715,743,10
5736,718,743,6
5737,721,743,11
5738,725,743,10
5739,730,743,10
5740,734,743,6
5741,720,744,1
5742,1,745,1
5743,20,745,2
5744,33,745,1
5745,148,745,1
5746,151,745,1
5747,154,745,1
5748,161,745,1
5749,164,745,1
5750,165,745,1
5751,167,745,2
5752,168,745,1
5753,180,745,1
5754,184,745,1
5755,202,745,1
5756,219,745,1
5757,235,745,1
5758,240,745,2
5759,253,745,1
5760,351,745,1
5761,372,745,1
5762,490,745,10
5763,513,745,1
5764,542,745,1
5765,553,745,6
5766,554,745,5
5767,555,745,6
5768,559,745,6
5769,561,745,6
5770,563,745,11
5771,567,745,1
5772,569,745,1
5773,570,745,2
5774,571,745,1
5775,588,745,1
5776,591,745,2
5777,596,745,1
5778,626,745,1
5779,639,745,1
5780,640,745,1
5781,671,745,1
5782,681,745,1
5783,685,745,1
5784,696,745,1
5785,698,745,7
5786,702,745,6
5787,709,745,12
5788,713,745,6
5789,715,745,11
5790,718,745,6
5791,721,745,6
5792,725,745,5
5793,730,745,6
5794,734,745,6
5795,743,745,6
5796,27,746,3
5797,310,746,1
5798,144,747,1
5799,197,747,1
5800,431,747,1
5801,435,748,4
5802,549,748,1
5803,617,748,1
5804,673,748,1
5805,699,748,1
5806,335,749,1
5807,633,749,4
5808,365,750,2
5809,630,750,7
5810,660,750,1
5811,726,750,2
5812,25,751,1
5813,217,751,2
5814,339,751,1
5815,461,751,52
5816,526,751,5
